{"stats":{"minecraft:mined":{"minecraft:tuff":1,"minecraft:white_bed":1,"minecraft:deepslate_diamond_ore":18,"minecraft:obsidian":14,"minecraft:crafting_table":6,"minecraft:torch":3,"minecraft:granite":2,"minecraft:short_grass":2,"minecraft:grass_block":4,"minecraft:tall_grass":3,"minecraft:cobblestone":4,"minecraft:deepslate_coal_ore":1,"minecraft:lapis_ore":1,"minecraft:deepslate_gold_ore":24,"minecraft:diorite":5,"minecraft:wall_torch":1,"minecraft:hay_block":11,"minecraft:furnace":3,"minecraft:iron_ore":43,"minecraft:cobbled_deepslate":1,"minecraft:andesite":5,"minecraft:deepslate_lapis_ore":3,"minecraft:pointed_dripstone":5,"minecraft:oak_log":68,"minecraft:coal_ore":95,"minecraft:deepslate_iron_ore":7,"minecraft:sand":1,"minecraft:dripstone_block":6,"minecraft:dirt":4,"minecraft:stone":44,"minecraft:gold_ore":1,"minecraft:oak_leaves":22,"minecraft:deepslate":45},"minecraft:killed_by":{"minecraft:zombie":1},"minecraft:custom":{"minecraft:interact_with_furnace":30,"minecraft:mob_kills":31,"minecraft:interact_with_crafting_table":28,"minecraft:leave_game":3,"minecraft:time_since_death":57741,"minecraft:sleep_in_bed":2,"minecraft:time_since_rest":57775,"minecraft:sprint_one_cm":264506,"minecraft:damage_taken":1332,"minecraft:walk_one_cm":154116,"minecraft:damage_blocked_by_shield":395,"minecraft:drop":25,"minecraft:damage_dealt":5257,"minecraft:swim_one_cm":12371,"minecraft:fly_one_cm":230050,"minecraft:play_time":105133,"minecraft:crouch_one_cm":4614,"minecraft:sneak_time":1457,"minecraft:deaths":1,"minecraft:walk_under_water_one_cm":1667,"minecraft:jump":1315,"minecraft:walk_on_water_one_cm":11549,"minecraft:total_world_time":105133,"minecraft:fall_one_cm":40638},"minecraft:used":{"minecraft:cooked_mutton":6,"minecraft:water_bucket":10,"minecraft:diorite":4,"minecraft:stone_sword":119,"minecraft:stone_pickaxe":54,"minecraft:wooden_pickaxe":26,"minecraft:shield":15,"minecraft:iron_sword":6,"minecraft:torch":76,"minecraft:sand":1,"minecraft:dirt":8,"minecraft:crafting_table":8,"minecraft:white_bed":1,"minecraft:dripstone_block":6,"minecraft:tuff":1,"minecraft:diamond_pickaxe":140,"minecraft:bread":12,"minecraft:iron_pickaxe":109,"minecraft:stone_axe":82,"minecraft:cobblestone":13,"minecraft:furnace":4,"minecraft:oak_sapling":19,"minecraft:cooked_porkchop":3,"minecraft:bucket":11,"minecraft:cobbled_deepslate":10},"minecraft:dropped":{"minecraft:wheat_seeds":1,"minecraft:oak_log":26,"minecraft:stone_sword":2,"minecraft:crafting_table":1,"minecraft:cooked_porkchop":5,"minecraft:pointed_dripstone":20,"minecraft:iron_helmet":2,"minecraft:granite":4,"minecraft:stick":24,"minecraft:diorite":2,"minecraft:andesite":5,"minecraft:oak_sapling":2,"minecraft:spider_eye":2,"minecraft:wooden_pickaxe":2,"minecraft:stone_pickaxe":1,"minecraft:iron_pickaxe":1,"minecraft:string":9,"minecraft:black_wool":1},"minecraft:crafted":{"minecraft:oak_planks":60,"minecraft:cooked_porkchop":8,"minecraft:crafting_table":1,"minecraft:wooden_pickaxe":1,"minecraft:iron_helmet":1,"minecraft:iron_sword":1,"minecraft:furnace":1,"minecraft:bucket":1,"minecraft:stone_axe":1,"minecraft:bread":30,"minecraft:cooked_mutton":6,"minecraft:air":0,"minecraft:diamond_helmet":1,"minecraft:iron_boots":1,"minecraft:diamond_pickaxe":1,"minecraft:shield":1,"minecraft:stick":88,"minecraft:iron_ingot":17,"minecraft:iron_pickaxe":1,"minecraft:stone_pickaxe":1,"minecraft:stone_sword":1,"minecraft:iron_leggings":1,"minecraft:white_bed":1,"minecraft:torch":132,"minecraft:wheat":90,"minecraft:diamond_chestplate":1},"minecraft:picked_up":{"minecraft:crafting_table":9,"minecraft:water_bucket":1,"minecraft:andesite":5,"minecraft:wooden_pickaxe":1,"minecraft:tuff":2,"minecraft:oak_log":151,"minecraft:shield":1,"minecraft:gunpowder":2,"minecraft:lapis_lazuli":31,"minecraft:dirt":8,"minecraft:string":12,"minecraft:bone":8,"minecraft:apple":10,"minecraft:wheat_seeds":1,"minecraft:cobbled_deepslate":66,"minecraft:raw_gold":32,"minecraft:iron_ingot":9,"minecraft:iron_pickaxe":2,"minecraft:oak_planks":41,"minecraft:furnace":4,"minecraft:stick":76,"minecraft:raw_iron":56,"minecraft:torch":14,"minecraft:dripstone_block":6,"minecraft:porkchop":8,"minecraft:sand":1,"minecraft:pointed_dripstone":29,"minecraft:diorite":6,"minecraft:white_bed":2,"minecraft:spider_eye":2,"minecraft:stone_sword":2,"minecraft:arrow":7,"minecraft:rotten_flesh":24,"minecraft:iron_helmet":1,"minecraft:diamond":21,"minecraft:stone_axe":1,"minecraft:hay_block":10,"minecraft:granite":4,"minecraft:bread":29,"minecraft:oak_sapling":21,"minecraft:obsidian":14,"minecraft:black_wool":1,"minecraft:mutton":10,"minecraft:coal":123,"minecraft:white_wool":7,"minecraft:cobblestone":64},"minecraft:killed":{"minecraft:pig":4,"minecraft:spider":5,"minecraft:creeper":1,"minecraft:skeleton":4,"minecraft:sheep":5,"minecraft:zombie":9}},"DataVersion":3955}