{"stats":{"minecraft:broken":{"minecraft:iron_sword":1},"minecraft:mined":{"minecraft:diamond_ore":1,"minecraft:tuff":1,"minecraft:white_bed":1,"minecraft:deepslate_diamond_ore":23,"minecraft:obsidian":14,"minecraft:granite":2,"minecraft:grass_block":4,"minecraft:crimson_roots":13,"minecraft:weeping_vines":1,"minecraft:crimson_fungus":1,"minecraft:spawner":1,"minecraft:hay_block":11,"minecraft:weeping_vines_plant":3,"minecraft:furnace":3,"minecraft:nether_sprouts":1,"minecraft:fire":1,"minecraft:iron_ore":49,"minecraft:cobbled_deepslate":1,"minecraft:andesite":7,"minecraft:deepslate_lapis_ore":7,"minecraft:pointed_dripstone":5,"minecraft:deepslate_iron_ore":8,"minecraft:stone":53,"minecraft:twisting_vines_plant":1,"minecraft:crimson_nylium":34,"minecraft:crafting_table":11,"minecraft:torch":3,"minecraft:short_grass":2,"minecraft:warped_roots":3,"minecraft:tall_grass":3,"minecraft:cobblestone":4,"minecraft:deepslate_coal_ore":10,"minecraft:deepslate_gold_ore":24,"minecraft:lapis_ore":1,"minecraft:oak_planks":3,"minecraft:diorite":6,"minecraft:wall_torch":1,"minecraft:warped_wart_block":4,"minecraft:warped_nylium":2,"minecraft:coal_ore":122,"minecraft:oak_log":68,"minecraft:dirt":4,"minecraft:dripstone_block":6,"minecraft:gravel":13,"minecraft:sand":1,"minecraft:netherrack":64,"minecraft:gold_ore":1,"minecraft:oak_leaves":22,"minecraft:deepslate":47},"minecraft:killed_by":{"minecraft:zombie":1},"minecraft:custom":{"minecraft:mob_kills":87,"minecraft:interact_with_crafting_table":38,"minecraft:leave_game":3,"minecraft:time_since_death":23119,"minecraft:climb_one_cm":1852,"minecraft:sprint_one_cm":493007,"minecraft:walk_one_cm":317999,"minecraft:damage_blocked_by_shield":913,"minecraft:drop":46,"minecraft:play_time":153133,"minecraft:deaths":2,"minecraft:sneak_time":4371,"minecraft:walk_under_water_one_cm":2822,"minecraft:boat_one_cm":94,"minecraft:jump":2455,"minecraft:walk_on_water_one_cm":14819,"minecraft:total_world_time":153133,"minecraft:interact_with_furnace":36,"minecraft:sleep_in_bed":2,"minecraft:time_since_rest":23151,"minecraft:damage_taken":3294,"minecraft:damage_dealt":19047,"minecraft:swim_one_cm":15227,"minecraft:fly_one_cm":402392,"minecraft:open_chest":1,"minecraft:crouch_one_cm":15501,"minecraft:fall_one_cm":71877},"minecraft:used":{"minecraft:stone_sword":119,"minecraft:flint_and_steel":1,"minecraft:shield":33,"minecraft:iron_sword":287,"minecraft:netherrack":26,"minecraft:torch":102,"minecraft:dirt":8,"minecraft:warped_wart_block":4,"minecraft:tuff":1,"minecraft:obsidian":10,"minecraft:lava_bucket":34,"minecraft:iron_axe":7,"minecraft:warped_nylium":5,"minecraft:crimson_roots":6,"minecraft:oak_sapling":19,"minecraft:furnace":6,"minecraft:cobbled_deepslate":33,"minecraft:cooked_mutton":6,"minecraft:water_bucket":12,"minecraft:diorite":4,"minecraft:oak_planks":26,"minecraft:stone_pickaxe":54,"minecraft:wooden_pickaxe":26,"minecraft:warped_roots":1,"minecraft:sand":1,"minecraft:crafting_table":14,"minecraft:white_bed":1,"minecraft:dripstone_block":6,"minecraft:diamond_pickaxe":250,"minecraft:bread":31,"minecraft:iron_pickaxe":168,"minecraft:gravel":12,"minecraft:stone_axe":85,"minecraft:cobblestone":14,"minecraft:cooked_porkchop":12,"minecraft:bucket":47,"minecraft:oak_boat":16,"minecraft:diamond_leggings":1},"minecraft:dropped":{"minecraft:wheat_seeds":1,"minecraft:golden_helmet":1,"minecraft:warped_fungus":1,"minecraft:oak_log":26,"minecraft:glow_ink_sac":1,"minecraft:crafting_table":1,"minecraft:cooked_porkchop":21,"minecraft:weeping_vines":2,"minecraft:iron_helmet":2,"minecraft:warped_roots":12,"minecraft:granite":4,"minecraft:rail":1,"minecraft:stick":24,"minecraft:diorite":3,"minecraft:crimson_roots":12,"minecraft:iron_leggings":1,"minecraft:iron_pickaxe":1,"minecraft:string":9,"minecraft:gravel":13,"minecraft:stone_axe":1,"minecraft:warped_nylium":1,"minecraft:cobbled_deepslate":8,"minecraft:stone_sword":2,"minecraft:pointed_dripstone":20,"minecraft:andesite":7,"minecraft:oak_boat":1,"minecraft:oak_sapling":2,"minecraft:spider_eye":2,"minecraft:stone_pickaxe":1,"minecraft:wooden_pickaxe":2,"minecraft:black_wool":1},"minecraft:crafted":{"minecraft:oak_planks":60,"minecraft:furnace":3,"minecraft:cooked_mutton":6,"minecraft:flint_and_steel":1,"minecraft:diamond_helmet":1,"minecraft:diamond_leggings":1,"minecraft:iron_boots":1,"minecraft:iron_axe":1,"minecraft:stone_pickaxe":1,"minecraft:wheat":90,"minecraft:cooked_porkchop":9,"minecraft:crafting_table":3,"minecraft:wooden_pickaxe":1,"minecraft:iron_helmet":1,"minecraft:iron_sword":2,"minecraft:bucket":2,"minecraft:stone_axe":1,"minecraft:bread":33,"minecraft:air":0,"minecraft:oak_boat":2,"minecraft:diamond_pickaxe":1,"minecraft:shield":1,"minecraft:stick":88,"minecraft:iron_ingot":23,"minecraft:iron_pickaxe":1,"minecraft:stone_sword":1,"minecraft:iron_leggings":1,"minecraft:white_bed":1,"minecraft:torch":132,"minecraft:diamond_chestplate":1},"minecraft:picked_up":{"minecraft:crafting_table":15,"minecraft:wheat":9,"minecraft:wooden_pickaxe":1,"minecraft:shield":2,"minecraft:string":12,"minecraft:iron_axe":1,"minecraft:flint_and_steel":1,"minecraft:diamond_leggings":1,"minecraft:cobbled_deepslate":100,"minecraft:oak_boat":17,"minecraft:iron_pickaxe":3,"minecraft:iron_boots":1,"minecraft:furnace":4,"minecraft:golden_helmet":1,"minecraft:raw_iron":63,"minecraft:stick":97,"minecraft:torch":64,"minecraft:porkchop":12,"minecraft:pointed_dripstone":29,"minecraft:diorite":7,"minecraft:weeping_vines":2,"minecraft:diamond_chestplate":1,"minecraft:stone_sword":2,"minecraft:arrow":11,"minecraft:rotten_flesh":43,"minecraft:hay_block":10,"minecraft:mutton":12,"minecraft:obsidian":18,"minecraft:cobblestone":95,"minecraft:white_wool":9,"minecraft:rail":1,"minecraft:glow_ink_sac":1,"minecraft:water_bucket":2,"minecraft:andesite":9,"minecraft:leather":10,"minecraft:flint":1,"minecraft:tuff":2,"minecraft:oak_log":206,"minecraft:gunpowder":9,"minecraft:lapis_lazuli":106,"minecraft:dirt":8,"minecraft:bone":12,"minecraft:apple":15,"minecraft:wheat_seeds":1,"minecraft:raw_gold":56,"minecraft:iron_ingot":18,"minecraft:diamond_helmet":1,"minecraft:iron_sword":1,"minecraft:oak_planks":69,"minecraft:warped_fungus":1,"minecraft:cooked_porkchop":39,"minecraft:warped_wart_block":4,"minecraft:lava_bucket":1,"minecraft:dripstone_block":6,"minecraft:gravel":25,"minecraft:sand":1,"minecraft:white_bed":3,"minecraft:spider_eye":2,"minecraft:diamond":28,"minecraft:stone_axe":1,"minecraft:iron_helmet":1,"minecraft:crossbow":1,"minecraft:granite":4,"minecraft:warped_roots":13,"minecraft:bread":37,"minecraft:netherrack":89,"minecraft:warped_nylium":6,"minecraft:oak_sapling":21,"minecraft:coal":159,"minecraft:black_wool":1,"minecraft:crimson_roots":18,"minecraft:ender_pearl":15},"minecraft:killed":{"minecraft:spider":5,"minecraft:skeleton":4,"minecraft:piglin":17,"minecraft:pig":4,"minecraft:hoglin":12,"minecraft:creeper":1,"minecraft:sheep":5,"minecraft:zombie":14,"minecraft:enderman":17}},"DataVersion":3955}