{"stats":{"minecraft:mined":{"minecraft:crafting_table":1,"minecraft:short_grass":1,"minecraft:oak_log":62,"minecraft:grass_block":4,"minecraft:coal_ore":3,"minecraft:dirt":4,"minecraft:tall_grass":2,"minecraft:stone":23,"minecraft:oak_leaves":14},"minecraft:used":{"minecraft:stone_sword":15,"minecraft:wooden_pickaxe":26,"minecraft:stone_axe":68,"minecraft:crafting_table":2},"minecraft:custom":{"minecraft:time_since_rest":9441,"minecraft:sprint_one_cm":27619,"minecraft:walk_one_cm":14563,"minecraft:mob_kills":8,"minecraft:damage_dealt":710,"minecraft:interact_with_crafting_table":4,"minecraft:fly_one_cm":23833,"minecraft:crouch_one_cm":19,"minecraft:play_time":9441,"minecraft:sneak_time":14,"minecraft:jump":106,"minecraft:leave_game":1,"minecraft:time_since_death":9441,"minecraft:total_world_time":9441,"minecraft:fall_one_cm":3468},"minecraft:crafted":{"minecraft:oak_planks":60,"minecraft:crafting_table":1,"minecraft:stick":88,"minecraft:wooden_pickaxe":1,"minecraft:stone_pickaxe":1,"minecraft:stone_sword":1,"minecraft:white_bed":1,"minecraft:stone_axe":1},"minecraft:picked_up":{"minecraft:crafting_table":1,"minecraft:porkchop":8,"minecraft:oak_log":62,"minecraft:dirt":8,"minecraft:wheat_seeds":1,"minecraft:oak_sapling":2,"minecraft:black_wool":1,"minecraft:mutton":6,"minecraft:coal":3,"minecraft:white_wool":3,"minecraft:cobblestone":23},"minecraft:killed":{"minecraft:sheep":4,"minecraft:pig":4}},"DataVersion":3955}