{"stats":{"minecraft:mined":{"minecraft:tuff":1,"minecraft:white_bed":1,"minecraft:deepslate_diamond_ore":7,"minecraft:crafting_table":4,"minecraft:torch":3,"minecraft:short_grass":2,"minecraft:grass_block":4,"minecraft:tall_grass":3,"minecraft:deepslate_gold_ore":13,"minecraft:diorite":4,"minecraft:hay_block":11,"minecraft:furnace":1,"minecraft:cobbled_deepslate":1,"minecraft:iron_ore":10,"minecraft:pointed_dripstone":5,"minecraft:coal_ore":51,"minecraft:oak_log":68,"minecraft:deepslate_iron_ore":2,"minecraft:dripstone_block":6,"minecraft:dirt":4,"minecraft:sand":1,"minecraft:stone":32,"minecraft:oak_leaves":22,"minecraft:deepslate":23},"minecraft:killed_by":{"minecraft:zombie":1},"minecraft:custom":{"minecraft:interact_with_furnace":18,"minecraft:mob_kills":23,"minecraft:interact_with_crafting_table":20,"minecraft:leave_game":2,"minecraft:time_since_death":3770,"minecraft:sleep_in_bed":2,"minecraft:time_since_rest":3804,"minecraft:sprint_one_cm":183642,"minecraft:damage_taken":1060,"minecraft:walk_one_cm":100570,"minecraft:damage_blocked_by_shield":90,"minecraft:drop":10,"minecraft:damage_dealt":3537,"minecraft:swim_one_cm":10207,"minecraft:fly_one_cm":184781,"minecraft:crouch_one_cm":3146,"minecraft:play_time":51162,"minecraft:deaths":1,"minecraft:sneak_time":804,"minecraft:walk_under_water_one_cm":902,"minecraft:jump":926,"minecraft:walk_on_water_one_cm":2610,"minecraft:total_world_time":51162,"minecraft:fall_one_cm":34001},"minecraft:used":{"minecraft:cooked_mutton":6,"minecraft:water_bucket":2,"minecraft:diorite":4,"minecraft:stone_sword":89,"minecraft:stone_pickaxe":54,"minecraft:shield":8,"minecraft:wooden_pickaxe":26,"minecraft:torch":41,"minecraft:dirt":8,"minecraft:sand":1,"minecraft:crafting_table":5,"minecraft:white_bed":1,"minecraft:dripstone_block":6,"minecraft:bread":4,"minecraft:iron_pickaxe":77,"minecraft:stone_axe":80,"minecraft:oak_sapling":19,"minecraft:furnace":1,"minecraft:cooked_porkchop":3,"minecraft:bucket":3,"minecraft:cobbled_deepslate":1},"minecraft:dropped":{"minecraft:wheat_seeds":1,"minecraft:oak_log":26,"minecraft:crafting_table":1,"minecraft:cooked_porkchop":5,"minecraft:oak_sapling":2,"minecraft:spider_eye":1,"minecraft:stone_pickaxe":1,"minecraft:wooden_pickaxe":2,"minecraft:black_wool":1},"minecraft:crafted":{"minecraft:oak_planks":60,"minecraft:cooked_porkchop":8,"minecraft:crafting_table":1,"minecraft:wooden_pickaxe":1,"minecraft:furnace":1,"minecraft:bucket":1,"minecraft:stone_axe":1,"minecraft:bread":30,"minecraft:cooked_mutton":6,"minecraft:air":0,"minecraft:shield":1,"minecraft:stick":88,"minecraft:iron_ingot":7,"minecraft:iron_pickaxe":1,"minecraft:stone_pickaxe":1,"minecraft:stone_sword":1,"minecraft:white_bed":1,"minecraft:torch":44,"minecraft:wheat":90},"minecraft:picked_up":{"minecraft:crafting_table":7,"minecraft:water_bucket":1,"minecraft:wooden_pickaxe":1,"minecraft:tuff":2,"minecraft:oak_log":151,"minecraft:shield":1,"minecraft:gunpowder":2,"minecraft:dirt":8,"minecraft:string":8,"minecraft:bone":8,"minecraft:apple":10,"minecraft:wheat_seeds":1,"minecraft:cobbled_deepslate":44,"minecraft:raw_gold":21,"minecraft:iron_pickaxe":1,"minecraft:oak_planks":41,"minecraft:furnace":2,"minecraft:stick":76,"minecraft:raw_iron":18,"minecraft:torch":13,"minecraft:dripstone_block":6,"minecraft:porkchop":8,"minecraft:sand":1,"minecraft:pointed_dripstone":19,"minecraft:diorite":4,"minecraft:white_bed":2,"minecraft:spider_eye":1,"minecraft:stone_sword":1,"minecraft:arrow":6,"minecraft:rotten_flesh":24,"minecraft:diamond":6,"minecraft:stone_axe":1,"minecraft:hay_block":10,"minecraft:bread":29,"minecraft:oak_sapling":21,"minecraft:black_wool":1,"minecraft:mutton":10,"minecraft:coal":65,"minecraft:white_wool":7,"minecraft:cobblestone":48},"minecraft:killed":{"minecraft:pig":4,"minecraft:spider":3,"minecraft:creeper":1,"minecraft:sheep":5,"minecraft:skeleton":2,"minecraft:zombie":7}},"DataVersion":3955}