{"stats":{"minecraft:mined":{"minecraft:white_bed":1,"minecraft:crafting_table":4,"minecraft:torch":3,"minecraft:short_grass":2,"minecraft:grass_block":4,"minecraft:tall_grass":3,"minecraft:hay_block":11,"minecraft:furnace":1,"minecraft:iron_ore":7,"minecraft:coal_ore":38,"minecraft:oak_log":68,"minecraft:dirt":4,"minecraft:sand":1,"minecraft:stone":32,"minecraft:oak_leaves":22},"minecraft:custom":{"minecraft:interact_with_furnace":18,"minecraft:mob_kills":16,"minecraft:interact_with_crafting_table":19,"minecraft:leave_game":2,"minecraft:time_since_death":39162,"minecraft:sleep_in_bed":2,"minecraft:time_since_rest":6219,"minecraft:sprint_one_cm":123822,"minecraft:damage_taken":540,"minecraft:walk_one_cm":68881,"minecraft:drop":10,"minecraft:damage_dealt":2034,"minecraft:swim_one_cm":10207,"minecraft:fly_one_cm":135853,"minecraft:crouch_one_cm":2066,"minecraft:play_time":39162,"minecraft:sneak_time":404,"minecraft:walk_under_water_one_cm":902,"minecraft:jump":568,"minecraft:walk_on_water_one_cm":1592,"minecraft:total_world_time":39162,"minecraft:fall_one_cm":18127},"minecraft:used":{"minecraft:cooked_mutton":5,"minecraft:stone_sword":55,"minecraft:stone_pickaxe":54,"minecraft:wooden_pickaxe":26,"minecraft:torch":11,"minecraft:dirt":8,"minecraft:sand":1,"minecraft:crafting_table":5,"minecraft:white_bed":1,"minecraft:stone_axe":80,"minecraft:oak_sapling":19,"minecraft:furnace":1,"minecraft:cooked_porkchop":3},"minecraft:dropped":{"minecraft:wheat_seeds":1,"minecraft:oak_log":26,"minecraft:crafting_table":1,"minecraft:cooked_porkchop":5,"minecraft:oak_sapling":2,"minecraft:spider_eye":1,"minecraft:stone_pickaxe":1,"minecraft:wooden_pickaxe":2,"minecraft:black_wool":1},"minecraft:crafted":{"minecraft:oak_planks":60,"minecraft:cooked_porkchop":8,"minecraft:crafting_table":1,"minecraft:wooden_pickaxe":1,"minecraft:furnace":1,"minecraft:bucket":1,"minecraft:stone_axe":1,"minecraft:bread":30,"minecraft:cooked_mutton":6,"minecraft:air":0,"minecraft:shield":1,"minecraft:stick":88,"minecraft:iron_ingot":7,"minecraft:iron_pickaxe":1,"minecraft:stone_pickaxe":1,"minecraft:stone_sword":1,"minecraft:white_bed":1,"minecraft:torch":44,"minecraft:wheat":90},"minecraft:picked_up":{"minecraft:crafting_table":6,"minecraft:wooden_pickaxe":1,"minecraft:oak_log":96,"minecraft:gunpowder":1,"minecraft:dirt":8,"minecraft:string":2,"minecraft:bone":3,"minecraft:apple":5,"minecraft:wheat_seeds":1,"minecraft:furnace":1,"minecraft:stick":4,"minecraft:raw_iron":7,"minecraft:torch":3,"minecraft:porkchop":8,"minecraft:sand":1,"minecraft:white_bed":1,"minecraft:spider_eye":1,"minecraft:arrow":2,"minecraft:rotten_flesh":8,"minecraft:hay_block":10,"minecraft:oak_sapling":21,"minecraft:black_wool":1,"minecraft:mutton":8,"minecraft:coal":39,"minecraft:white_wool":5,"minecraft:cobblestone":32},"minecraft:killed":{"minecraft:pig":4,"minecraft:spider":1,"minecraft:creeper":1,"minecraft:sheep":5,"minecraft:skeleton":1,"minecraft:zombie":4}},"DataVersion":3955}