{"stats":{"minecraft:used":{"minecraft:chest":4,"minecraft:shield":85,"minecraft:iron_sword":695,"minecraft:rotten_flesh":14,"minecraft:tuff":1,"minecraft:weeping_vines":1,"minecraft:obsidian":20,"minecraft:lava_bucket":103,"minecraft:warped_nylium":8,"minecraft:crimson_roots":9,"minecraft:stone_bricks":1,"minecraft:warped_fungus":1,"minecraft:oak_sapling":19,"minecraft:furnace":12,"minecraft:diorite":4,"minecraft:oak_planks":27,"minecraft:stone_pickaxe":54,"minecraft:wooden_pickaxe":26,"minecraft:glow_berries":12,"minecraft:sand":1,"minecraft:crossbow":1,"minecraft:dripstone_block":6,"minecraft:bread":53,"minecraft:gravel":35,"minecraft:diamond_sword":305,"minecraft:oak_boat":41,"minecraft:stone_sword":119,"minecraft:flint_and_steel":4,"minecraft:cooked_salmon":2,"minecraft:netherrack":603,"minecraft:torch":280,"minecraft:dirt":8,"minecraft:warped_wart_block":12,"minecraft:twisting_vines":4,"minecraft:iron_axe":104,"minecraft:cooked_beef":8,"minecraft:cobbled_deepslate":113,"minecraft:cooked_mutton":6,"minecraft:water_bucket":49,"minecraft:warped_roots":5,"minecraft:crafting_table":22,"minecraft:white_bed":1,"minecraft:ender_eye":27,"minecraft:diamond_pickaxe":879,"minecraft:iron_pickaxe":944,"minecraft:stone_axe":104,"minecraft:cobblestone":68,"minecraft:cooked_porkchop":63,"minecraft:bucket":155,"minecraft:diamond_leggings":1},"minecraft:picked_up":{"minecraft:iron_chestplate":3,"minecraft:wheat":9,"minecraft:diamond_sword":8,"minecraft:enchanted_book":3,"minecraft:string":69,"minecraft:raw_copper":12,"minecraft:iron_leggings":5,"minecraft:diamond_leggings":3,"minecraft:cobbled_deepslate":527,"minecraft:gold_nugget":84,"minecraft:ender_eye":27,"minecraft:iron_pickaxe":8,"minecraft:furnace":13,"minecraft:iron_boots":6,"minecraft:golden_helmet":4,"minecraft:stick":127,"minecraft:torch":83,"minecraft:acacia_log":13,"minecraft:porkchop":24,"minecraft:pointed_dripstone":51,"minecraft:diorite":9,"minecraft:warped_planks":2,"minecraft:quartz_block":28,"minecraft:stone_sword":2,"minecraft:rotten_flesh":96,"minecraft:armadillo_scute":4,"minecraft:blaze_rod":7,"minecraft:obsidian":28,"minecraft:blaze_powder":46,"minecraft:cobblestone":297,"minecraft:magma_block":9,"minecraft:cooked_beef":8,"minecraft:iron_door":1,"minecraft:water_bucket":6,"minecraft:andesite":22,"minecraft:flint":6,"minecraft:tuff":16,"minecraft:lapis_lazuli":329,"minecraft:dirt":33,"minecraft:name_tag":2,"minecraft:twisting_vines":26,"minecraft:bone":111,"minecraft:bow":9,"minecraft:wheat_seeds":29,"minecraft:raw_gold":301,"minecraft:bell":1,"minecraft:mossy_stone_bricks":1,"minecraft:diamond_helmet":4,"minecraft:bamboo":16,"minecraft:oak_planks":85,"minecraft:cooked_porkchop":144,"minecraft:warped_wart_block":12,"minecraft:sand":2,"minecraft:diamond":91,"minecraft:cracked_polished_blackstone_bricks":26,"minecraft:crossbow":2,"minecraft:granite":41,"minecraft:golden_apple":1,"minecraft:bread":37,"minecraft:oak_sapling":23,"minecraft:netherrack":1302,"minecraft:crimson_roots":55,"minecraft:diamond_pickaxe":6,"minecraft:mud":29,"minecraft:crafting_table":25,"minecraft:nether_wart":42,"minecraft:chest_minecart":1,"minecraft:wooden_pickaxe":1,"minecraft:gold_block":16,"minecraft:shield":7,"minecraft:iron_axe":2,"minecraft:flint_and_steel":1,"minecraft:blackstone":20,"minecraft:cracked_stone_bricks":4,"minecraft:oak_boat":43,"minecraft:chest":2,"minecraft:raw_iron":116,"minecraft:polished_blackstone_bricks":52,"minecraft:redstone":42,"minecraft:iron_horse_armor":3,"minecraft:weeping_vines":4,"minecraft:arrow":199,"minecraft:diamond_chestplate":3,"minecraft:beetroot_seeds":10,"minecraft:diamond_boots":3,"minecraft:hay_block":19,"minecraft:saddle":5,"minecraft:gold_ingot":12,"minecraft:mutton":12,"minecraft:white_wool":9,"minecraft:rail":113,"minecraft:basalt":2,"minecraft:glow_ink_sac":1,"minecraft:salmon":4,"minecraft:leather":40,"minecraft:crimson_fungus":1,"minecraft:oak_log":206,"minecraft:nether_wart_block":2,"minecraft:gunpowder":15,"minecraft:apple":15,"minecraft:stone_bricks":5,"minecraft:warped_stem":2,"minecraft:iron_ingot":84,"minecraft:iron_sword":4,"minecraft:book":69,"minecraft:warped_fungus":3,"minecraft:quartz":11,"minecraft:dripstone_block":45,"minecraft:gravel":48,"minecraft:lava_bucket":3,"minecraft:white_bed":3,"minecraft:spider_eye":2,"minecraft:pumpkin_seeds":4,"minecraft:stone_axe":3,"minecraft:iron_helmet":4,"minecraft:warped_roots":37,"minecraft:black_wool":1,"minecraft:warped_nylium":18,"minecraft:coal":313,"minecraft:ender_pearl":39},"minecraft:broken":{"minecraft:iron_boots":1,"minecraft:iron_sword":2,"minecraft:iron_pickaxe":1},"minecraft:mined":{"minecraft:white_bed":1,"minecraft:jungle_leaves":1,"minecraft:obsidian":24,"minecraft:granite":19,"minecraft:chiseled_polished_blackstone":1,"minecraft:acacia_log":14,"minecraft:grass_block":10,"minecraft:cracked_polished_blackstone_bricks":25,"minecraft:crimson_fungus":2,"minecraft:nether_wart":20,"minecraft:spawner":2,"minecraft:polished_blackstone_bricks":48,"minecraft:weeping_vines_plant":7,"minecraft:magma_block":9,"minecraft:iron_ore":88,"minecraft:cobbled_deepslate":2,"minecraft:fire":54,"minecraft:deepslate_lapis_ore":15,"minecraft:twisting_vines":9,"minecraft:pointed_dripstone":7,"minecraft:deepslate_redstone_ore":4,"minecraft:blackstone":11,"minecraft:twisting_vines_plant":6,"minecraft:crimson_nylium":90,"minecraft:soul_fire":5,"minecraft:clay":1,"minecraft:torch":4,"minecraft:chest":2,"minecraft:nether_quartz_ore":8,"minecraft:cobblestone":11,"minecraft:oak_planks":13,"minecraft:iron_door":1,"minecraft:wall_torch":2,"minecraft:warped_nylium":9,"minecraft:mud":25,"minecraft:nether_wart_block":2,"minecraft:warped_fungus":1,"minecraft:infested_mossy_stone_bricks":1,"minecraft:oak_log":68,"minecraft:sand":2,"minecraft:dirt":19,"minecraft:netherrack":553,"minecraft:oak_leaves":25,"minecraft:deepslate":266,"minecraft:nether_gold_ore":1,"minecraft:diamond_ore":1,"minecraft:tuff":5,"minecraft:deepslate_diamond_ore":52,"minecraft:crimson_roots":29,"minecraft:weeping_vines":2,"minecraft:hay_block":20,"minecraft:furnace":4,"minecraft:nether_sprouts":2,"minecraft:andesite":20,"minecraft:gold_block":16,"minecraft:bookshelf":23,"minecraft:deepslate_iron_ore":20,"minecraft:rail":52,"minecraft:warped_stem":2,"minecraft:bamboo":1,"minecraft:stone":186,"minecraft:basalt":2,"minecraft:crafting_table":16,"minecraft:short_grass":9,"minecraft:warped_roots":10,"minecraft:tall_grass":3,"minecraft:copper_ore":1,"minecraft:deepslate_coal_ore":10,"minecraft:lapis_ore":3,"minecraft:deepslate_gold_ore":29,"minecraft:polished_blackstone_brick_stairs":1,"minecraft:diorite":9,"minecraft:warped_wart_block":12,"minecraft:mangrove_leaves":5,"minecraft:coal_ore":216,"minecraft:gravel":38,"minecraft:dripstone_block":9,"minecraft:cobweb":6,"minecraft:cracked_stone_bricks":6,"minecraft:stone_bricks":7,"minecraft:mossy_stone_bricks":2,"minecraft:gold_ore":1},"minecraft:dropped":{"minecraft:porkchop":2,"minecraft:lapis_lazuli":152,"minecraft:warped_fungus":2,"minecraft:oak_log":26,"minecraft:glow_ink_sac":1,"minecraft:ender_pearl":3,"minecraft:diamond":22,"minecraft:crafting_table":2,"minecraft:cooked_porkchop":26,"minecraft:weeping_vines":3,"minecraft:warped_roots":22,"minecraft:cracked_stone_bricks":3,"minecraft:rail":1,"minecraft:flint":2,"minecraft:dirt":9,"minecraft:crimson_roots":26,"minecraft:gold_nugget":4,"minecraft:sand":1,"minecraft:iron_pickaxe":3,"minecraft:white_wool":2,"minecraft:gravel":13,"minecraft:stone_axe":1,"minecraft:cobbled_deepslate":213,"minecraft:twisting_vines":10,"minecraft:pointed_dripstone":28,"minecraft:rotten_flesh":5,"minecraft:blaze_powder":12,"minecraft:beetroot_seeds":5,"minecraft:arrow":117,"minecraft:netherrack":183,"minecraft:enchanted_book":1,"minecraft:water_bucket":1,"minecraft:bread":12,"minecraft:wheat_seeds":29,"minecraft:golden_helmet":1,"minecraft:dripstone_block":23,"minecraft:iron_helmet":3,"minecraft:cobblestone":41,"minecraft:granite":20,"minecraft:coal":20,"minecraft:stick":24,"minecraft:diorite":5,"minecraft:torch":40,"minecraft:iron_door":1,"minecraft:diamond_helmet":1,"minecraft:iron_leggings":3,"minecraft:armadillo_scute":1,"minecraft:iron_axe":1,"minecraft:string":9,"minecraft:furnace":1,"minecraft:warped_nylium":1,"minecraft:stone_sword":2,"minecraft:raw_copper":2,"minecraft:tuff":4,"minecraft:iron_boots":2,"minecraft:name_tag":1,"minecraft:diamond_sword":6,"minecraft:shield":1,"minecraft:iron_chestplate":1,"minecraft:diamond_pickaxe":3,"minecraft:andesite":20,"minecraft:oak_boat":1,"minecraft:oak_sapling":3,"minecraft:spider_eye":2,"minecraft:diamond_boots":1,"minecraft:bow":5,"minecraft:stone_pickaxe":1,"minecraft:wooden_pickaxe":2,"minecraft:raw_gold":131,"minecraft:magma_block":9,"minecraft:black_wool":1},"minecraft:killed_by":{"minecraft:piglin":1,"minecraft:zombie":1,"minecraft:player":2},"minecraft:custom":{"minecraft:interact_with_crafting_table":62,"minecraft:leave_game":6,"minecraft:time_since_death":98303,"minecraft:sprint_one_cm":1632454,"minecraft:damage_blocked_by_shield":2463,"minecraft:drop":154,"minecraft:play_time":431003,"minecraft:deaths":7,"minecraft:jump":8850,"minecraft:walk_on_water_one_cm":59635,"minecraft:interact_with_furnace":60,"minecraft:sleep_in_bed":4,"minecraft:damage_dealt":57154,"minecraft:player_kills":2,"minecraft:crouch_one_cm":88332,"minecraft:mob_kills":265,"minecraft:climb_one_cm":14827,"minecraft:walk_one_cm":1043626,"minecraft:sneak_time":21512,"minecraft:walk_under_water_one_cm":25377,"minecraft:boat_one_cm":175,"minecraft:interact_with_blast_furnace":1,"minecraft:total_world_time":431003,"minecraft:time_since_rest":87650,"minecraft:damage_taken":10645,"minecraft:swim_one_cm":146911,"minecraft:fly_one_cm":1774468,"minecraft:open_chest":49,"minecraft:fall_one_cm":252272},"minecraft:killed":{"minecraft:zombified_piglin":7,"minecraft:spider":7,"minecraft:skeleton":29,"minecraft:silverfish":2,"minecraft:piglin_brute":1,"minecraft:piglin":63,"minecraft:pig":6,"minecraft:zombie_villager":1,"minecraft:salmon":4,"minecraft:creeper":2,"minecraft:sheep":5,"minecraft:zombie":42,"minecraft:blaze":10,"minecraft:hoglin":42,"minecraft:wither_skeleton":1,"minecraft:enderman":31},"minecraft:crafted":{"minecraft:oak_planks":60,"minecraft:blaze_powder":14,"minecraft:cooked_chicken":3,"minecraft:cooked_mutton":6,"minecraft:warped_planks":8,"minecraft:diamond_helmet":2,"minecraft:diamond_leggings":2,"minecraft:bow":1,"minecraft:iron_boots":1,"minecraft:chest":2,"minecraft:ender_eye":13,"minecraft:cooked_porkchop":15,"minecraft:crafting_table":4,"minecraft:wooden_pickaxe":1,"minecraft:iron_helmet":1,"minecraft:gold_block":11,"minecraft:diamond_pickaxe":2,"minecraft:shield":2,"minecraft:stick":150,"minecraft:iron_ingot":39,"minecraft:iron_pickaxe":4,"minecraft:stone_sword":1,"minecraft:gold_ingot":144,"minecraft:furnace":4,"minecraft:flint_and_steel":2,"minecraft:iron_axe":3,"minecraft:stone_pickaxe":1,"minecraft:diamond_boots":1,"minecraft:wheat":171,"minecraft:diamond_sword":2,"minecraft:iron_sword":2,"minecraft:cooked_salmon":4,"minecraft:bucket":3,"minecraft:stone_axe":1,"minecraft:bread":63,"minecraft:air":0,"minecraft:oak_boat":2,"minecraft:golden_apple":5,"minecraft:iron_leggings":1,"minecraft:white_bed":1,"minecraft:acacia_planks":52,"minecraft:torch":332,"minecraft:diamond_chestplate":2}},"DataVersion":3955}