{"stats":{"minecraft:broken":{"minecraft:iron_boots":1,"minecraft:iron_sword":1,"minecraft:iron_pickaxe":1},"minecraft:mined":{"minecraft:nether_gold_ore":1,"minecraft:diamond_ore":1,"minecraft:tuff":1,"minecraft:white_bed":1,"minecraft:deepslate_diamond_ore":23,"minecraft:obsidian":14,"minecraft:granite":2,"minecraft:chiseled_polished_blackstone":1,"minecraft:grass_block":4,"minecraft:cracked_polished_blackstone_bricks":23,"minecraft:crimson_roots":21,"minecraft:weeping_vines":2,"minecraft:crimson_fungus":1,"minecraft:nether_wart":20,"minecraft:spawner":1,"minecraft:hay_block":11,"minecraft:polished_blackstone_bricks":47,"minecraft:weeping_vines_plant":5,"minecraft:magma_block":9,"minecraft:furnace":3,"minecraft:nether_sprouts":2,"minecraft:fire":42,"minecraft:iron_ore":49,"minecraft:cobbled_deepslate":1,"minecraft:andesite":7,"minecraft:deepslate_lapis_ore":7,"minecraft:gold_block":16,"minecraft:twisting_vines":2,"minecraft:pointed_dripstone":5,"minecraft:deepslate_iron_ore":8,"minecraft:warped_stem":2,"minecraft:stone":53,"minecraft:blackstone":11,"minecraft:soul_fire":5,"minecraft:twisting_vines_plant":3,"minecraft:crimson_nylium":38,"minecraft:basalt":1,"minecraft:crafting_table":16,"minecraft:torch":3,"minecraft:short_grass":2,"minecraft:warped_roots":8,"minecraft:tall_grass":3,"minecraft:cobblestone":4,"minecraft:deepslate_coal_ore":10,"minecraft:polished_blackstone_brick_stairs":1,"minecraft:deepslate_gold_ore":24,"minecraft:lapis_ore":1,"minecraft:oak_planks":3,"minecraft:diorite":6,"minecraft:wall_torch":1,"minecraft:warped_wart_block":12,"minecraft:warped_nylium":8,"minecraft:nether_wart_block":1,"minecraft:warped_fungus":1,"minecraft:coal_ore":122,"minecraft:oak_log":68,"minecraft:dirt":4,"minecraft:dripstone_block":6,"minecraft:gravel":13,"minecraft:sand":1,"minecraft:netherrack":273,"minecraft:gold_ore":1,"minecraft:oak_leaves":22,"minecraft:deepslate":47},"minecraft:killed_by":{"minecraft:player":2,"minecraft:piglin":1,"minecraft:zombie":1},"minecraft:custom":{"minecraft:mob_kills":148,"minecraft:interact_with_crafting_table":44,"minecraft:leave_game":3,"minecraft:time_since_death":6156,"minecraft:climb_one_cm":4216,"minecraft:sprint_one_cm":826721,"minecraft:walk_one_cm":594745,"minecraft:damage_blocked_by_shield":1118,"minecraft:drop":70,"minecraft:play_time":237133,"minecraft:deaths":6,"minecraft:sneak_time":14461,"minecraft:walk_under_water_one_cm":4630,"minecraft:boat_one_cm":175,"minecraft:jump":4378,"minecraft:walk_on_water_one_cm":15730,"minecraft:total_world_time":237133,"minecraft:interact_with_furnace":37,"minecraft:sleep_in_bed":2,"minecraft:time_since_rest":6184,"minecraft:damage_taken":7013,"minecraft:damage_dealt":33480,"minecraft:player_kills":1,"minecraft:swim_one_cm":15402,"minecraft:fly_one_cm":817074,"minecraft:open_chest":18,"minecraft:crouch_one_cm":62930,"minecraft:fall_one_cm":124919},"minecraft:used":{"minecraft:stone_sword":119,"minecraft:flint_and_steel":1,"minecraft:shield":41,"minecraft:iron_sword":609,"minecraft:rotten_flesh":5,"minecraft:netherrack":432,"minecraft:torch":102,"minecraft:dirt":8,"minecraft:warped_wart_block":12,"minecraft:tuff":1,"minecraft:obsidian":10,"minecraft:lava_bucket":58,"minecraft:iron_axe":9,"minecraft:warped_nylium":8,"minecraft:crimson_roots":9,"minecraft:warped_fungus":1,"minecraft:oak_sapling":19,"minecraft:furnace":6,"minecraft:cobbled_deepslate":33,"minecraft:cooked_mutton":6,"minecraft:water_bucket":12,"minecraft:diorite":4,"minecraft:oak_planks":26,"minecraft:stone_pickaxe":54,"minecraft:wooden_pickaxe":26,"minecraft:warped_roots":5,"minecraft:sand":1,"minecraft:crafting_table":18,"minecraft:crossbow":1,"minecraft:white_bed":1,"minecraft:dripstone_block":6,"minecraft:diamond_pickaxe":251,"minecraft:bread":33,"minecraft:iron_pickaxe":496,"minecraft:gravel":12,"minecraft:stone_axe":104,"minecraft:diamond_sword":1,"minecraft:cobblestone":14,"minecraft:cooked_porkchop":38,"minecraft:bucket":72,"minecraft:oak_boat":41,"minecraft:diamond_leggings":1},"minecraft:dropped":{"minecraft:wheat_seeds":1,"minecraft:golden_helmet":1,"minecraft:warped_fungus":2,"minecraft:oak_log":26,"minecraft:glow_ink_sac":1,"minecraft:ender_pearl":3,"minecraft:diamond":20,"minecraft:crafting_table":1,"minecraft:cooked_porkchop":21,"minecraft:weeping_vines":3,"minecraft:iron_helmet":2,"minecraft:warped_roots":22,"minecraft:granite":4,"minecraft:rail":1,"minecraft:stick":24,"minecraft:diorite":3,"minecraft:crimson_roots":26,"minecraft:iron_leggings":2,"minecraft:gold_nugget":4,"minecraft:iron_pickaxe":1,"minecraft:string":9,"minecraft:white_wool":2,"minecraft:gravel":13,"minecraft:stone_axe":1,"minecraft:warped_nylium":1,"minecraft:cobbled_deepslate":8,"minecraft:stone_sword":2,"minecraft:twisting_vines":6,"minecraft:pointed_dripstone":20,"minecraft:blaze_powder":12,"minecraft:diamond_sword":1,"minecraft:shield":1,"minecraft:diamond_pickaxe":1,"minecraft:andesite":7,"minecraft:oak_boat":1,"minecraft:oak_sapling":2,"minecraft:spider_eye":2,"minecraft:stone_pickaxe":1,"minecraft:wooden_pickaxe":2,"minecraft:magma_block":9,"minecraft:netherrack":128,"minecraft:black_wool":1},"minecraft:crafted":{"minecraft:oak_planks":60,"minecraft:blaze_powder":10,"minecraft:furnace":3,"minecraft:cooked_mutton":6,"minecraft:flint_and_steel":1,"minecraft:warped_planks":8,"minecraft:diamond_helmet":1,"minecraft:diamond_leggings":1,"minecraft:iron_boots":1,"minecraft:iron_axe":1,"minecraft:stone_pickaxe":1,"minecraft:ender_eye":9,"minecraft:wheat":90,"minecraft:cooked_porkchop":9,"minecraft:crafting_table":3,"minecraft:wooden_pickaxe":1,"minecraft:iron_helmet":1,"minecraft:iron_sword":2,"minecraft:gold_block":11,"minecraft:bucket":2,"minecraft:stone_axe":1,"minecraft:bread":33,"minecraft:air":0,"minecraft:oak_boat":2,"minecraft:golden_apple":5,"minecraft:diamond_pickaxe":1,"minecraft:shield":2,"minecraft:stick":88,"minecraft:iron_ingot":23,"minecraft:iron_pickaxe":2,"minecraft:stone_sword":1,"minecraft:gold_ingot":144,"minecraft:iron_leggings":1,"minecraft:white_bed":1,"minecraft:torch":132,"minecraft:diamond_chestplate":1},"minecraft:picked_up":{"minecraft:iron_chestplate":3,"minecraft:crafting_table":22,"minecraft:wheat":9,"minecraft:nether_wart":42,"minecraft:diamond_sword":2,"minecraft:wooden_pickaxe":1,"minecraft:gold_block":16,"minecraft:shield":5,"minecraft:raw_copper":5,"minecraft:string":12,"minecraft:iron_axe":1,"minecraft:flint_and_steel":1,"minecraft:iron_leggings":5,"minecraft:blackstone":20,"minecraft:diamond_leggings":1,"minecraft:gold_nugget":84,"minecraft:cobbled_deepslate":100,"minecraft:oak_boat":42,"minecraft:iron_pickaxe":6,"minecraft:iron_boots":4,"minecraft:furnace":8,"minecraft:golden_helmet":4,"minecraft:raw_iron":63,"minecraft:stick":125,"minecraft:torch":71,"minecraft:porkchop":16,"minecraft:polished_blackstone_bricks":51,"minecraft:pointed_dripstone":29,"minecraft:diorite":7,"minecraft:warped_planks":2,"minecraft:redstone":20,"minecraft:iron_horse_armor":3,"minecraft:quartz_block":28,"minecraft:weeping_vines":3,"minecraft:diamond_chestplate":1,"minecraft:stone_sword":2,"minecraft:arrow":29,"minecraft:rotten_flesh":50,"minecraft:hay_block":10,"minecraft:saddle":4,"minecraft:gold_ingot":8,"minecraft:blaze_rod":5,"minecraft:mutton":12,"minecraft:obsidian":18,"minecraft:blaze_powder":46,"minecraft:cobblestone":95,"minecraft:white_wool":9,"minecraft:rail":1,"minecraft:magma_block":9,"minecraft:basalt":1,"minecraft:glow_ink_sac":1,"minecraft:water_bucket":4,"minecraft:andesite":9,"minecraft:leather":30,"minecraft:flint":1,"minecraft:crimson_fungus":1,"minecraft:tuff":2,"minecraft:oak_log":206,"minecraft:nether_wart_block":1,"minecraft:gunpowder":10,"minecraft:lapis_lazuli":126,"minecraft:dirt":8,"minecraft:twisting_vines":10,"minecraft:bone":19,"minecraft:apple":15,"minecraft:wheat_seeds":1,"minecraft:warped_stem":2,"minecraft:raw_gold":167,"minecraft:bell":1,"minecraft:iron_ingot":39,"minecraft:diamond_helmet":1,"minecraft:iron_sword":4,"minecraft:oak_planks":72,"minecraft:warped_fungus":3,"minecraft:cooked_porkchop":89,"minecraft:quartz":3,"minecraft:warped_wart_block":12,"minecraft:lava_bucket":2,"minecraft:dripstone_block":6,"minecraft:gravel":25,"minecraft:sand":1,"minecraft:white_bed":3,"minecraft:spider_eye":2,"minecraft:diamond":58,"minecraft:stone_axe":3,"minecraft:cracked_polished_blackstone_bricks":23,"minecraft:iron_helmet":4,"minecraft:crossbow":2,"minecraft:granite":4,"minecraft:warped_roots":35,"minecraft:bread":37,"minecraft:netherrack":910,"minecraft:warped_nylium":18,"minecraft:oak_sapling":23,"minecraft:coal":159,"minecraft:black_wool":1,"minecraft:crimson_roots":46,"minecraft:diamond_pickaxe":2,"minecraft:ender_pearl":36},"minecraft:killed":{"minecraft:zombified_piglin":6,"minecraft:spider":5,"minecraft:skeleton":4,"minecraft:piglin_brute":1,"minecraft:piglin":40,"minecraft:pig":4,"minecraft:hoglin":23,"minecraft:creeper":1,"minecraft:sheep":5,"minecraft:zombie":16,"minecraft:wither_skeleton":1,"minecraft:blaze":7,"minecraft:enderman":27}},"DataVersion":3955}