{"stats":{"minecraft:broken":{"minecraft:iron_boots":1,"minecraft:iron_sword":1,"minecraft:iron_pickaxe":1},"minecraft:mined":{"minecraft:nether_gold_ore":1,"minecraft:diamond_ore":1,"minecraft:tuff":1,"minecraft:white_bed":1,"minecraft:deepslate_diamond_ore":23,"minecraft:obsidian":14,"minecraft:granite":2,"minecraft:chiseled_polished_blackstone":1,"minecraft:grass_block":4,"minecraft:cracked_polished_blackstone_bricks":23,"minecraft:crimson_roots":20,"minecraft:weeping_vines":1,"minecraft:crimson_fungus":1,"minecraft:nether_wart":20,"minecraft:spawner":1,"minecraft:hay_block":11,"minecraft:polished_blackstone_bricks":47,"minecraft:weeping_vines_plant":4,"minecraft:magma_block":9,"minecraft:furnace":3,"minecraft:nether_sprouts":2,"minecraft:fire":41,"minecraft:iron_ore":49,"minecraft:cobbled_deepslate":1,"minecraft:andesite":7,"minecraft:deepslate_lapis_ore":7,"minecraft:gold_block":16,"minecraft:pointed_dripstone":5,"minecraft:deepslate_iron_ore":8,"minecraft:stone":53,"minecraft:blackstone":11,"minecraft:soul_fire":5,"minecraft:twisting_vines_plant":1,"minecraft:crimson_nylium":34,"minecraft:basalt":1,"minecraft:crafting_table":15,"minecraft:torch":3,"minecraft:short_grass":2,"minecraft:warped_roots":7,"minecraft:tall_grass":3,"minecraft:cobblestone":4,"minecraft:deepslate_coal_ore":10,"minecraft:polished_blackstone_brick_stairs":1,"minecraft:deepslate_gold_ore":24,"minecraft:lapis_ore":1,"minecraft:oak_planks":3,"minecraft:diorite":6,"minecraft:wall_torch":1,"minecraft:warped_wart_block":5,"minecraft:warped_nylium":2,"minecraft:warped_fungus":1,"minecraft:coal_ore":122,"minecraft:oak_log":68,"minecraft:dirt":4,"minecraft:dripstone_block":6,"minecraft:gravel":13,"minecraft:sand":1,"minecraft:netherrack":235,"minecraft:gold_ore":1,"minecraft:oak_leaves":22,"minecraft:deepslate":47},"minecraft:killed_by":{"minecraft:player":1,"minecraft:zombie":1},"minecraft:custom":{"minecraft:mob_kills":138,"minecraft:interact_with_crafting_table":42,"minecraft:leave_game":3,"minecraft:time_since_death":10317,"minecraft:climb_one_cm":2189,"minecraft:sprint_one_cm":726914,"minecraft:walk_one_cm":513734,"minecraft:damage_blocked_by_shield":993,"minecraft:drop":54,"minecraft:play_time":213133,"minecraft:deaths":4,"minecraft:sneak_time":12156,"minecraft:walk_under_water_one_cm":2822,"minecraft:boat_one_cm":94,"minecraft:jump":3850,"minecraft:walk_on_water_one_cm":14819,"minecraft:total_world_time":213133,"minecraft:interact_with_furnace":37,"minecraft:sleep_in_bed":2,"minecraft:time_since_rest":10349,"minecraft:damage_taken":6267,"minecraft:damage_dealt":29744,"minecraft:player_kills":1,"minecraft:swim_one_cm":15227,"minecraft:fly_one_cm":642005,"minecraft:open_chest":18,"minecraft:crouch_one_cm":54197,"minecraft:fall_one_cm":107017},"minecraft:used":{"minecraft:stone_sword":119,"minecraft:flint_and_steel":1,"minecraft:shield":36,"minecraft:iron_sword":531,"minecraft:rotten_flesh":3,"minecraft:netherrack":345,"minecraft:torch":102,"minecraft:dirt":8,"minecraft:warped_wart_block":5,"minecraft:tuff":1,"minecraft:obsidian":10,"minecraft:lava_bucket":58,"minecraft:iron_axe":9,"minecraft:warped_nylium":7,"minecraft:crimson_roots":9,"minecraft:warped_fungus":1,"minecraft:oak_sapling":19,"minecraft:furnace":6,"minecraft:cobbled_deepslate":33,"minecraft:cooked_mutton":6,"minecraft:water_bucket":12,"minecraft:diorite":4,"minecraft:oak_planks":26,"minecraft:stone_pickaxe":54,"minecraft:wooden_pickaxe":26,"minecraft:warped_roots":5,"minecraft:sand":1,"minecraft:crafting_table":17,"minecraft:crossbow":1,"minecraft:white_bed":1,"minecraft:dripstone_block":6,"minecraft:diamond_pickaxe":250,"minecraft:bread":33,"minecraft:iron_pickaxe":449,"minecraft:gravel":12,"minecraft:stone_axe":103,"minecraft:cobblestone":14,"minecraft:cooked_porkchop":37,"minecraft:bucket":72,"minecraft:oak_boat":27,"minecraft:diamond_leggings":1},"minecraft:dropped":{"minecraft:wheat_seeds":1,"minecraft:golden_helmet":1,"minecraft:warped_fungus":1,"minecraft:oak_log":26,"minecraft:glow_ink_sac":1,"minecraft:crafting_table":1,"minecraft:cooked_porkchop":21,"minecraft:weeping_vines":2,"minecraft:iron_helmet":2,"minecraft:warped_roots":12,"minecraft:granite":4,"minecraft:rail":1,"minecraft:stick":24,"minecraft:diorite":3,"minecraft:crimson_roots":14,"minecraft:iron_leggings":1,"minecraft:gold_nugget":4,"minecraft:iron_pickaxe":1,"minecraft:string":9,"minecraft:white_wool":2,"minecraft:gravel":13,"minecraft:stone_axe":1,"minecraft:warped_nylium":1,"minecraft:cobbled_deepslate":8,"minecraft:stone_sword":2,"minecraft:pointed_dripstone":20,"minecraft:blaze_powder":12,"minecraft:andesite":7,"minecraft:oak_boat":1,"minecraft:oak_sapling":2,"minecraft:spider_eye":2,"minecraft:stone_pickaxe":1,"minecraft:wooden_pickaxe":2,"minecraft:magma_block":9,"minecraft:netherrack":128,"minecraft:black_wool":1},"minecraft:crafted":{"minecraft:oak_planks":60,"minecraft:blaze_powder":10,"minecraft:furnace":3,"minecraft:cooked_mutton":6,"minecraft:flint_and_steel":1,"minecraft:diamond_helmet":1,"minecraft:diamond_leggings":1,"minecraft:iron_boots":1,"minecraft:iron_axe":1,"minecraft:stone_pickaxe":1,"minecraft:wheat":90,"minecraft:cooked_porkchop":9,"minecraft:crafting_table":3,"minecraft:wooden_pickaxe":1,"minecraft:iron_helmet":1,"minecraft:iron_sword":2,"minecraft:gold_block":11,"minecraft:bucket":2,"minecraft:stone_axe":1,"minecraft:bread":33,"minecraft:air":0,"minecraft:oak_boat":2,"minecraft:golden_apple":5,"minecraft:diamond_pickaxe":1,"minecraft:shield":1,"minecraft:stick":88,"minecraft:iron_ingot":23,"minecraft:iron_pickaxe":2,"minecraft:stone_sword":1,"minecraft:gold_ingot":144,"minecraft:iron_leggings":1,"minecraft:white_bed":1,"minecraft:torch":132,"minecraft:diamond_chestplate":1},"minecraft:picked_up":{"minecraft:iron_chestplate":2,"minecraft:crafting_table":20,"minecraft:wheat":9,"minecraft:nether_wart":42,"minecraft:wooden_pickaxe":1,"minecraft:gold_block":16,"minecraft:shield":2,"minecraft:string":12,"minecraft:iron_axe":1,"minecraft:flint_and_steel":1,"minecraft:iron_leggings":2,"minecraft:blackstone":20,"minecraft:diamond_leggings":1,"minecraft:gold_nugget":57,"minecraft:cobbled_deepslate":100,"minecraft:oak_boat":29,"minecraft:iron_pickaxe":5,"minecraft:iron_boots":3,"minecraft:furnace":5,"minecraft:golden_helmet":3,"minecraft:raw_iron":63,"minecraft:stick":97,"minecraft:torch":64,"minecraft:porkchop":16,"minecraft:polished_blackstone_bricks":51,"minecraft:pointed_dripstone":29,"minecraft:diorite":7,"minecraft:weeping_vines":2,"minecraft:diamond_chestplate":1,"minecraft:stone_sword":2,"minecraft:arrow":11,"minecraft:rotten_flesh":48,"minecraft:hay_block":10,"minecraft:saddle":2,"minecraft:gold_ingot":4,"minecraft:blaze_rod":5,"minecraft:mutton":12,"minecraft:obsidian":18,"minecraft:blaze_powder":14,"minecraft:cobblestone":95,"minecraft:white_wool":9,"minecraft:rail":1,"minecraft:magma_block":9,"minecraft:basalt":1,"minecraft:glow_ink_sac":1,"minecraft:water_bucket":2,"minecraft:andesite":9,"minecraft:leather":18,"minecraft:flint":1,"minecraft:crimson_fungus":1,"minecraft:tuff":2,"minecraft:oak_log":206,"minecraft:gunpowder":9,"minecraft:lapis_lazuli":106,"minecraft:dirt":8,"minecraft:bone":14,"minecraft:apple":15,"minecraft:wheat_seeds":1,"minecraft:raw_gold":130,"minecraft:iron_ingot":18,"minecraft:diamond_helmet":1,"minecraft:iron_sword":3,"minecraft:oak_planks":69,"minecraft:warped_fungus":2,"minecraft:cooked_porkchop":89,"minecraft:warped_wart_block":5,"minecraft:lava_bucket":1,"minecraft:dripstone_block":6,"minecraft:gravel":25,"minecraft:sand":1,"minecraft:white_bed":3,"minecraft:spider_eye":2,"minecraft:diamond":28,"minecraft:stone_axe":3,"minecraft:cracked_polished_blackstone_bricks":23,"minecraft:iron_helmet":3,"minecraft:crossbow":2,"minecraft:granite":4,"minecraft:warped_roots":18,"minecraft:bread":37,"minecraft:netherrack":789,"minecraft:warped_nylium":8,"minecraft:oak_sapling":21,"minecraft:coal":159,"minecraft:black_wool":1,"minecraft:crimson_roots":23,"minecraft:ender_pearl":16},"minecraft:killed":{"minecraft:zombified_piglin":6,"minecraft:spider":5,"minecraft:skeleton":4,"minecraft:piglin_brute":1,"minecraft:piglin":37,"minecraft:pig":4,"minecraft:hoglin":23,"minecraft:creeper":1,"minecraft:sheep":5,"minecraft:zombie":14,"minecraft:wither_skeleton":1,"minecraft:blaze":7,"minecraft:enderman":22}},"DataVersion":3955}