{"stats":{"minecraft:crafted":{"minecraft:oak_planks":60,"minecraft:blaze_powder":10,"minecraft:furnace":4,"minecraft:cooked_mutton":6,"minecraft:flint_and_steel":1,"minecraft:warped_planks":8,"minecraft:diamond_helmet":2,"minecraft:diamond_leggings":2,"minecraft:iron_boots":1,"minecraft:iron_axe":2,"minecraft:stone_pickaxe":1,"minecraft:chest":2,"minecraft:diamond_boots":1,"minecraft:ender_eye":9,"minecraft:wheat":171,"minecraft:diamond_sword":1,"minecraft:cooked_porkchop":9,"minecraft:crafting_table":4,"minecraft:wooden_pickaxe":1,"minecraft:iron_helmet":1,"minecraft:iron_sword":2,"minecraft:gold_block":11,"minecraft:bucket":2,"minecraft:stone_axe":1,"minecraft:bread":60,"minecraft:air":0,"minecraft:oak_boat":2,"minecraft:diamond_pickaxe":2,"minecraft:golden_apple":5,"minecraft:shield":2,"minecraft:stick":148,"minecraft:iron_ingot":29,"minecraft:iron_pickaxe":4,"minecraft:stone_sword":1,"minecraft:iron_leggings":1,"minecraft:gold_ingot":144,"minecraft:white_bed":1,"minecraft:torch":332,"minecraft:acacia_planks":52,"minecraft:diamond_chestplate":2},"minecraft:picked_up":{"minecraft:iron_chestplate":3,"minecraft:crafting_table":22,"minecraft:wheat":9,"minecraft:nether_wart":42,"minecraft:diamond_sword":3,"minecraft:wooden_pickaxe":1,"minecraft:gold_block":16,"minecraft:shield":5,"minecraft:string":12,"minecraft:raw_copper":5,"minecraft:iron_axe":1,"minecraft:flint_and_steel":1,"minecraft:iron_leggings":5,"minecraft:blackstone":20,"minecraft:diamond_leggings":1,"minecraft:gold_nugget":84,"minecraft:cobbled_deepslate":215,"minecraft:oak_boat":43,"minecraft:iron_pickaxe":7,"minecraft:iron_boots":5,"minecraft:furnace":10,"minecraft:golden_helmet":4,"minecraft:raw_iron":96,"minecraft:stick":125,"minecraft:torch":73,"minecraft:acacia_log":13,"minecraft:porkchop":16,"minecraft:polished_blackstone_bricks":51,"minecraft:pointed_dripstone":37,"minecraft:diorite":9,"minecraft:warped_planks":2,"minecraft:redstone":38,"minecraft:iron_horse_armor":3,"minecraft:quartz_block":28,"minecraft:stone_sword":2,"minecraft:arrow":39,"minecraft:weeping_vines":3,"minecraft:rotten_flesh":64,"minecraft:diamond_chestplate":1,"minecraft:hay_block":19,"minecraft:armadillo_scute":2,"minecraft:saddle":4,"minecraft:gold_ingot":8,"minecraft:blaze_rod":5,"minecraft:mutton":12,"minecraft:obsidian":18,"minecraft:rail":1,"minecraft:white_wool":9,"minecraft:blaze_powder":46,"minecraft:cobblestone":187,"minecraft:magma_block":9,"minecraft:cooked_beef":8,"minecraft:basalt":1,"minecraft:glow_ink_sac":1,"minecraft:water_bucket":4,"minecraft:andesite":9,"minecraft:leather":30,"minecraft:flint":1,"minecraft:crimson_fungus":1,"minecraft:tuff":10,"minecraft:oak_log":206,"minecraft:nether_wart_block":1,"minecraft:gunpowder":10,"minecraft:lapis_lazuli":157,"minecraft:dirt":22,"minecraft:twisting_vines":10,"minecraft:bone":34,"minecraft:apple":15,"minecraft:bow":1,"minecraft:wheat_seeds":27,"minecraft:raw_gold":170,"minecraft:warped_stem":2,"minecraft:bell":1,"minecraft:iron_ingot":41,"minecraft:diamond_helmet":1,"minecraft:iron_sword":4,"minecraft:oak_planks":80,"minecraft:warped_fungus":3,"minecraft:cooked_porkchop":89,"minecraft:warped_wart_block":12,"minecraft:quartz":3,"minecraft:dripstone_block":13,"minecraft:gravel":25,"minecraft:lava_bucket":2,"minecraft:sand":1,"minecraft:white_bed":3,"minecraft:spider_eye":2,"minecraft:diamond":87,"minecraft:stone_axe":3,"minecraft:cracked_polished_blackstone_bricks":23,"minecraft:iron_helmet":4,"minecraft:crossbow":2,"minecraft:granite":6,"minecraft:warped_roots":35,"minecraft:bread":37,"minecraft:oak_sapling":23,"minecraft:netherrack":985,"minecraft:black_wool":1,"minecraft:warped_nylium":18,"minecraft:coal":248,"minecraft:crimson_roots":46,"minecraft:diamond_pickaxe":2,"minecraft:ender_pearl":36},"minecraft:custom":{"minecraft:mob_kills":183,"minecraft:interact_with_crafting_table":56,"minecraft:leave_game":4,"minecraft:time_since_death":66940,"minecraft:climb_one_cm":4216,"minecraft:sprint_one_cm":1088115,"minecraft:walk_one_cm":743021,"minecraft:damage_blocked_by_shield":1626,"minecraft:drop":92,"minecraft:play_time":297917,"minecraft:sneak_time":14989,"minecraft:deaths":6,"minecraft:walk_under_water_one_cm":13879,"minecraft:boat_one_cm":175,"minecraft:jump":5998,"minecraft:interact_with_blast_furnace":1,"minecraft:walk_on_water_one_cm":35753,"minecraft:total_world_time":297917,"minecraft:interact_with_furnace":42,"minecraft:sleep_in_bed":3,"minecraft:time_since_rest":50456,"minecraft:damage_taken":7660,"minecraft:damage_dealt":40156,"minecraft:player_kills":1,"minecraft:swim_one_cm":21230,"minecraft:fly_one_cm":1098544,"minecraft:open_chest":25,"minecraft:crouch_one_cm":64439,"minecraft:fall_one_cm":166510},"minecraft:broken":{"minecraft:iron_boots":1,"minecraft:iron_sword":2,"minecraft:iron_pickaxe":1},"minecraft:mined":{"minecraft:nether_gold_ore":1,"minecraft:diamond_ore":1,"minecraft:tuff":5,"minecraft:white_bed":1,"minecraft:deepslate_diamond_ore":52,"minecraft:obsidian":14,"minecraft:granite":4,"minecraft:chiseled_polished_blackstone":1,"minecraft:acacia_log":14,"minecraft:grass_block":9,"minecraft:cracked_polished_blackstone_bricks":23,"minecraft:crimson_roots":21,"minecraft:weeping_vines":2,"minecraft:crimson_fungus":1,"minecraft:nether_wart":20,"minecraft:spawner":1,"minecraft:hay_block":20,"minecraft:polished_blackstone_bricks":47,"minecraft:weeping_vines_plant":5,"minecraft:magma_block":9,"minecraft:furnace":4,"minecraft:iron_ore":76,"minecraft:nether_sprouts":2,"minecraft:fire":42,"minecraft:cobbled_deepslate":1,"minecraft:andesite":7,"minecraft:deepslate_lapis_ore":11,"minecraft:gold_block":16,"minecraft:twisting_vines":2,"minecraft:pointed_dripstone":7,"minecraft:deepslate_iron_ore":12,"minecraft:warped_stem":2,"minecraft:stone":140,"minecraft:deepslate_redstone_ore":4,"minecraft:blackstone":11,"minecraft:soul_fire":5,"minecraft:twisting_vines_plant":3,"minecraft:crimson_nylium":38,"minecraft:basalt":1,"minecraft:crafting_table":16,"minecraft:torch":3,"minecraft:short_grass":3,"minecraft:warped_roots":8,"minecraft:tall_grass":3,"minecraft:cobblestone":9,"minecraft:deepslate_coal_ore":10,"minecraft:deepslate_gold_ore":27,"minecraft:lapis_ore":1,"minecraft:oak_planks":11,"minecraft:polished_blackstone_brick_stairs":1,"minecraft:wall_torch":1,"minecraft:diorite":9,"minecraft:warped_wart_block":12,"minecraft:warped_nylium":8,"minecraft:nether_wart_block":1,"minecraft:warped_fungus":1,"minecraft:coal_ore":206,"minecraft:oak_log":68,"minecraft:gravel":14,"minecraft:dirt":13,"minecraft:sand":1,"minecraft:dripstone_block":9,"minecraft:gold_ore":1,"minecraft:netherrack":273,"minecraft:oak_leaves":22,"minecraft:deepslate":164},"minecraft:killed":{"minecraft:zombified_piglin":7,"minecraft:spider":6,"minecraft:skeleton":19,"minecraft:piglin_brute":1,"minecraft:piglin":40,"minecraft:pig":4,"minecraft:hoglin":23,"minecraft:creeper":1,"minecraft:sheep":5,"minecraft:zombie":31,"minecraft:wither_skeleton":1,"minecraft:blaze":7,"minecraft:enderman":27},"minecraft:used":{"minecraft:stone_sword":119,"minecraft:flint_and_steel":1,"minecraft:chest":2,"minecraft:shield":59,"minecraft:iron_sword":695,"minecraft:rotten_flesh":8,"minecraft:netherrack":436,"minecraft:torch":258,"minecraft:warped_wart_block":12,"minecraft:dirt":8,"minecraft:tuff":1,"minecraft:obsidian":10,"minecraft:lava_bucket":63,"minecraft:iron_axe":66,"minecraft:warped_nylium":8,"minecraft:crimson_roots":9,"minecraft:warped_fungus":1,"minecraft:oak_sapling":19,"minecraft:furnace":11,"minecraft:cooked_beef":4,"minecraft:cobbled_deepslate":33,"minecraft:cooked_mutton":6,"minecraft:water_bucket":30,"minecraft:diorite":4,"minecraft:oak_planks":26,"minecraft:stone_pickaxe":54,"minecraft:wooden_pickaxe":26,"minecraft:warped_roots":5,"minecraft:glow_berries":6,"minecraft:sand":1,"minecraft:crafting_table":20,"minecraft:white_bed":1,"minecraft:crossbow":1,"minecraft:dripstone_block":6,"minecraft:diamond_pickaxe":251,"minecraft:bread":48,"minecraft:iron_pickaxe":888,"minecraft:gravel":12,"minecraft:stone_axe":104,"minecraft:diamond_sword":1,"minecraft:cobblestone":47,"minecraft:cooked_porkchop":38,"minecraft:bucket":95,"minecraft:diamond_leggings":1,"minecraft:oak_boat":41},"minecraft:dropped":{"minecraft:bread":12,"minecraft:wheat_seeds":27,"minecraft:golden_helmet":1,"minecraft:warped_fungus":2,"minecraft:oak_log":26,"minecraft:glow_ink_sac":1,"minecraft:ender_pearl":3,"minecraft:diamond":20,"minecraft:crafting_table":1,"minecraft:dripstone_block":7,"minecraft:cooked_porkchop":21,"minecraft:cobblestone":1,"minecraft:iron_helmet":3,"minecraft:weeping_vines":3,"minecraft:warped_roots":22,"minecraft:granite":5,"minecraft:rail":1,"minecraft:stick":24,"minecraft:diorite":5,"minecraft:torch":40,"minecraft:crimson_roots":26,"minecraft:iron_leggings":3,"minecraft:gold_nugget":4,"minecraft:iron_pickaxe":3,"minecraft:string":9,"minecraft:white_wool":2,"minecraft:gravel":13,"minecraft:stone_axe":1,"minecraft:warped_nylium":1,"minecraft:stone_sword":2,"minecraft:cobbled_deepslate":8,"minecraft:twisting_vines":6,"minecraft:tuff":4,"minecraft:pointed_dripstone":28,"minecraft:iron_boots":2,"minecraft:blaze_powder":12,"minecraft:diamond_sword":2,"minecraft:shield":1,"minecraft:iron_chestplate":1,"minecraft:diamond_pickaxe":1,"minecraft:andesite":7,"minecraft:oak_boat":1,"minecraft:oak_sapling":3,"minecraft:spider_eye":2,"minecraft:arrow":19,"minecraft:stone_pickaxe":1,"minecraft:wooden_pickaxe":2,"minecraft:magma_block":9,"minecraft:netherrack":183,"minecraft:black_wool":1},"minecraft:killed_by":{"minecraft:player":2,"minecraft:piglin":1,"minecraft:zombie":1}},"DataVersion":3955}