{"stats":{"minecraft:mined":{"minecraft:white_bed":1,"minecraft:furnace":1,"minecraft:torch":2,"minecraft:crafting_table":4,"minecraft:short_grass":1,"minecraft:grass_block":4,"minecraft:oak_log":68,"minecraft:coal_ore":28,"minecraft:dirt":4,"minecraft:tall_grass":2,"minecraft:stone":28,"minecraft:oak_leaves":16},"minecraft:used":{"minecraft:stone_sword":26,"minecraft:stone_pickaxe":31,"minecraft:wooden_pickaxe":26,"minecraft:torch":3,"minecraft:stone_axe":80,"minecraft:crafting_table":5,"minecraft:furnace":1,"minecraft:oak_sapling":19,"minecraft:cooked_porkchop":1,"minecraft:white_bed":1},"minecraft:custom":{"minecraft:time_since_rest":15869,"minecraft:interact_with_furnace":10,"minecraft:sprint_one_cm":66728,"minecraft:damage_taken":70,"minecraft:walk_one_cm":43024,"minecraft:mob_kills":10,"minecraft:drop":2,"minecraft:damage_dealt":1185,"minecraft:swim_one_cm":10207,"minecraft:interact_with_crafting_table":15,"minecraft:fly_one_cm":48140,"minecraft:crouch_one_cm":170,"minecraft:play_time":27162,"minecraft:sneak_time":90,"minecraft:walk_under_water_one_cm":902,"minecraft:jump":227,"minecraft:leave_game":2,"minecraft:time_since_death":27162,"minecraft:walk_on_water_one_cm":1079,"minecraft:sleep_in_bed":1,"minecraft:total_world_time":27162,"minecraft:fall_one_cm":5887},"minecraft:dropped":{"minecraft:oak_log":26,"minecraft:wooden_pickaxe":1},"minecraft:crafted":{"minecraft:oak_planks":60,"minecraft:cooked_porkchop":8,"minecraft:crafting_table":1,"minecraft:stick":88,"minecraft:wooden_pickaxe":1,"minecraft:stone_pickaxe":1,"minecraft:stone_sword":1,"minecraft:furnace":1,"minecraft:white_bed":1,"minecraft:torch":44,"minecraft:stone_axe":1,"minecraft:air":0,"minecraft:cooked_mutton":6},"minecraft:picked_up":{"minecraft:stick":4,"minecraft:crafting_table":6,"minecraft:torch":2,"minecraft:wooden_pickaxe":1,"minecraft:porkchop":8,"minecraft:oak_log":93,"minecraft:white_bed":1,"minecraft:gunpowder":1,"minecraft:dirt":8,"minecraft:bone":1,"minecraft:apple":5,"minecraft:wheat_seeds":1,"minecraft:oak_sapling":21,"minecraft:black_wool":1,"minecraft:mutton":6,"minecraft:coal":29,"minecraft:white_wool":3,"minecraft:cobblestone":28,"minecraft:furnace":1},"minecraft:killed":{"minecraft:skeleton":1,"minecraft:sheep":4,"minecraft:pig":4,"minecraft:creeper":1}},"DataVersion":3955}