{"stats":{"minecraft:mined":{"minecraft:diamond_ore":1,"minecraft:tuff":1,"minecraft:white_bed":1,"minecraft:deepslate_diamond_ore":23,"minecraft:obsidian":14,"minecraft:granite":2,"minecraft:grass_block":4,"minecraft:spawner":1,"minecraft:hay_block":11,"minecraft:furnace":3,"minecraft:iron_ore":49,"minecraft:cobbled_deepslate":1,"minecraft:andesite":7,"minecraft:deepslate_lapis_ore":7,"minecraft:pointed_dripstone":5,"minecraft:deepslate_iron_ore":8,"minecraft:stone":53,"minecraft:crafting_table":8,"minecraft:torch":3,"minecraft:short_grass":2,"minecraft:tall_grass":3,"minecraft:cobblestone":4,"minecraft:deepslate_coal_ore":10,"minecraft:deepslate_gold_ore":24,"minecraft:lapis_ore":1,"minecraft:oak_planks":2,"minecraft:diorite":6,"minecraft:wall_torch":1,"minecraft:coal_ore":122,"minecraft:oak_log":68,"minecraft:dirt":4,"minecraft:dripstone_block":6,"minecraft:gravel":13,"minecraft:sand":1,"minecraft:gold_ore":1,"minecraft:oak_leaves":22,"minecraft:deepslate":47},"minecraft:killed_by":{"minecraft:zombie":1},"minecraft:custom":{"minecraft:mob_kills":36,"minecraft:interact_with_crafting_table":35,"minecraft:leave_game":3,"minecraft:time_since_death":69741,"minecraft:sprint_one_cm":312751,"minecraft:walk_one_cm":183651,"minecraft:damage_blocked_by_shield":653,"minecraft:drop":30,"minecraft:play_time":117133,"minecraft:deaths":1,"minecraft:sneak_time":1671,"minecraft:walk_under_water_one_cm":2822,"minecraft:jump":1532,"minecraft:walk_on_water_one_cm":14819,"minecraft:total_world_time":117133,"minecraft:interact_with_furnace":33,"minecraft:sleep_in_bed":2,"minecraft:time_since_rest":69775,"minecraft:damage_taken":1448,"minecraft:damage_dealt":6310,"minecraft:swim_one_cm":15227,"minecraft:fly_one_cm":267844,"minecraft:open_chest":1,"minecraft:crouch_one_cm":5618,"minecraft:fall_one_cm":44841},"minecraft:used":{"minecraft:stone_sword":119,"minecraft:flint_and_steel":1,"minecraft:shield":23,"minecraft:iron_sword":29,"minecraft:torch":102,"minecraft:dirt":8,"minecraft:tuff":1,"minecraft:obsidian":10,"minecraft:iron_axe":1,"minecraft:oak_sapling":19,"minecraft:furnace":5,"minecraft:cobbled_deepslate":10,"minecraft:cooked_mutton":6,"minecraft:water_bucket":12,"minecraft:diorite":4,"minecraft:stone_pickaxe":54,"minecraft:wooden_pickaxe":26,"minecraft:sand":1,"minecraft:crafting_table":11,"minecraft:white_bed":1,"minecraft:dripstone_block":6,"minecraft:diamond_pickaxe":208,"minecraft:bread":15,"minecraft:iron_pickaxe":109,"minecraft:gravel":12,"minecraft:stone_axe":85,"minecraft:cobblestone":13,"minecraft:cooked_porkchop":3,"minecraft:bucket":13,"minecraft:diamond_leggings":1},"minecraft:dropped":{"minecraft:wheat_seeds":1,"minecraft:oak_log":26,"minecraft:glow_ink_sac":1,"minecraft:crafting_table":1,"minecraft:cooked_porkchop":5,"minecraft:iron_helmet":2,"minecraft:granite":4,"minecraft:rail":1,"minecraft:stick":24,"minecraft:diorite":2,"minecraft:iron_leggings":1,"minecraft:iron_pickaxe":1,"minecraft:string":9,"minecraft:stone_axe":1,"minecraft:stone_sword":2,"minecraft:pointed_dripstone":20,"minecraft:andesite":5,"minecraft:oak_boat":1,"minecraft:oak_sapling":2,"minecraft:spider_eye":2,"minecraft:stone_pickaxe":1,"minecraft:wooden_pickaxe":2,"minecraft:black_wool":1},"minecraft:crafted":{"minecraft:oak_planks":60,"minecraft:furnace":2,"minecraft:cooked_mutton":6,"minecraft:flint_and_steel":1,"minecraft:diamond_helmet":1,"minecraft:diamond_leggings":1,"minecraft:iron_boots":1,"minecraft:iron_axe":1,"minecraft:stone_pickaxe":1,"minecraft:wheat":90,"minecraft:cooked_porkchop":8,"minecraft:crafting_table":3,"minecraft:wooden_pickaxe":1,"minecraft:iron_helmet":1,"minecraft:iron_sword":1,"minecraft:bucket":2,"minecraft:stone_axe":1,"minecraft:bread":30,"minecraft:air":0,"minecraft:oak_boat":2,"minecraft:diamond_pickaxe":1,"minecraft:shield":1,"minecraft:stick":88,"minecraft:iron_ingot":23,"minecraft:iron_pickaxe":1,"minecraft:stone_sword":1,"minecraft:iron_leggings":1,"minecraft:white_bed":1,"minecraft:torch":132,"minecraft:diamond_chestplate":1},"minecraft:picked_up":{"minecraft:crafting_table":11,"minecraft:wooden_pickaxe":1,"minecraft:shield":1,"minecraft:string":12,"minecraft:cobbled_deepslate":69,"minecraft:iron_pickaxe":2,"minecraft:furnace":4,"minecraft:raw_iron":63,"minecraft:stick":76,"minecraft:torch":14,"minecraft:porkchop":8,"minecraft:pointed_dripstone":29,"minecraft:diorite":7,"minecraft:stone_sword":2,"minecraft:arrow":7,"minecraft:rotten_flesh":27,"minecraft:hay_block":10,"minecraft:mutton":10,"minecraft:obsidian":14,"minecraft:cobblestone":70,"minecraft:white_wool":7,"minecraft:rail":1,"minecraft:glow_ink_sac":1,"minecraft:water_bucket":1,"minecraft:andesite":7,"minecraft:flint":1,"minecraft:tuff":2,"minecraft:oak_log":151,"minecraft:gunpowder":2,"minecraft:lapis_lazuli":53,"minecraft:dirt":8,"minecraft:bone":8,"minecraft:apple":10,"minecraft:wheat_seeds":1,"minecraft:raw_gold":32,"minecraft:iron_ingot":9,"minecraft:oak_planks":43,"minecraft:dripstone_block":6,"minecraft:gravel":25,"minecraft:sand":1,"minecraft:white_bed":2,"minecraft:spider_eye":2,"minecraft:diamond":27,"minecraft:stone_axe":1,"minecraft:iron_helmet":1,"minecraft:granite":4,"minecraft:warped_roots":2,"minecraft:bread":29,"minecraft:oak_sapling":21,"minecraft:coal":159,"minecraft:black_wool":1},"minecraft:killed":{"minecraft:spider":5,"minecraft:skeleton":4,"minecraft:pig":4,"minecraft:creeper":1,"minecraft:sheep":5,"minecraft:zombie":14}},"DataVersion":3955}