{"stats":{"minecraft:mined":{"minecraft:tuff":1,"minecraft:white_bed":1,"minecraft:deepslate_diamond_ore":16,"minecraft:obsidian":14,"minecraft:crafting_table":5,"minecraft:torch":3,"minecraft:granite":2,"minecraft:short_grass":2,"minecraft:grass_block":4,"minecraft:tall_grass":3,"minecraft:cobblestone":2,"minecraft:deepslate_gold_ore":23,"minecraft:diorite":4,"minecraft:hay_block":11,"minecraft:furnace":2,"minecraft:iron_ore":18,"minecraft:cobbled_deepslate":1,"minecraft:andesite":1,"minecraft:deepslate_lapis_ore":2,"minecraft:pointed_dripstone":5,"minecraft:oak_log":68,"minecraft:coal_ore":56,"minecraft:deepslate_iron_ore":7,"minecraft:sand":1,"minecraft:dripstone_block":6,"minecraft:dirt":4,"minecraft:stone":35,"minecraft:oak_leaves":22,"minecraft:deepslate":44},"minecraft:killed_by":{"minecraft:zombie":1},"minecraft:custom":{"minecraft:interact_with_furnace":28,"minecraft:mob_kills":27,"minecraft:interact_with_crafting_table":22,"minecraft:leave_game":3,"minecraft:time_since_death":45741,"minecraft:sleep_in_bed":2,"minecraft:time_since_rest":45775,"minecraft:sprint_one_cm":241799,"minecraft:damage_taken":1145,"minecraft:walk_one_cm":133817,"minecraft:damage_blocked_by_shield":175,"minecraft:drop":10,"minecraft:damage_dealt":4366,"minecraft:swim_one_cm":12371,"minecraft:fly_one_cm":205048,"minecraft:play_time":93133,"minecraft:crouch_one_cm":3938,"minecraft:sneak_time":1245,"minecraft:deaths":1,"minecraft:walk_under_water_one_cm":1667,"minecraft:jump":1147,"minecraft:walk_on_water_one_cm":9157,"minecraft:total_world_time":93133,"minecraft:fall_one_cm":36376},"minecraft:used":{"minecraft:cooked_mutton":6,"minecraft:water_bucket":10,"minecraft:diorite":4,"minecraft:stone_sword":108,"minecraft:stone_pickaxe":54,"minecraft:wooden_pickaxe":26,"minecraft:shield":11,"minecraft:torch":68,"minecraft:sand":1,"minecraft:dirt":8,"minecraft:crafting_table":7,"minecraft:white_bed":1,"minecraft:dripstone_block":6,"minecraft:tuff":1,"minecraft:diamond_pickaxe":51,"minecraft:bread":7,"minecraft:iron_pickaxe":109,"minecraft:stone_axe":81,"minecraft:cobblestone":6,"minecraft:furnace":3,"minecraft:oak_sapling":19,"minecraft:cooked_porkchop":3,"minecraft:bucket":11,"minecraft:cobbled_deepslate":10},"minecraft:dropped":{"minecraft:wheat_seeds":1,"minecraft:oak_log":26,"minecraft:crafting_table":1,"minecraft:cooked_porkchop":5,"minecraft:oak_sapling":2,"minecraft:spider_eye":1,"minecraft:wooden_pickaxe":2,"minecraft:stone_pickaxe":1,"minecraft:black_wool":1},"minecraft:crafted":{"minecraft:oak_planks":60,"minecraft:cooked_porkchop":8,"minecraft:crafting_table":1,"minecraft:wooden_pickaxe":1,"minecraft:iron_helmet":1,"minecraft:furnace":1,"minecraft:bucket":1,"minecraft:stone_axe":1,"minecraft:bread":30,"minecraft:cooked_mutton":6,"minecraft:air":0,"minecraft:iron_boots":1,"minecraft:diamond_pickaxe":1,"minecraft:shield":1,"minecraft:stick":88,"minecraft:iron_ingot":17,"minecraft:iron_pickaxe":1,"minecraft:stone_pickaxe":1,"minecraft:stone_sword":1,"minecraft:white_bed":1,"minecraft:torch":68,"minecraft:wheat":90,"minecraft:diamond_chestplate":1},"minecraft:picked_up":{"minecraft:crafting_table":8,"minecraft:water_bucket":1,"minecraft:andesite":1,"minecraft:wooden_pickaxe":1,"minecraft:tuff":2,"minecraft:oak_log":151,"minecraft:shield":1,"minecraft:gunpowder":2,"minecraft:lapis_lazuli":16,"minecraft:dirt":8,"minecraft:string":12,"minecraft:bone":8,"minecraft:apple":10,"minecraft:wheat_seeds":1,"minecraft:cobbled_deepslate":65,"minecraft:raw_gold":31,"minecraft:iron_pickaxe":1,"minecraft:oak_planks":41,"minecraft:furnace":3,"minecraft:stick":76,"minecraft:raw_iron":31,"minecraft:torch":13,"minecraft:dripstone_block":6,"minecraft:porkchop":8,"minecraft:sand":1,"minecraft:pointed_dripstone":19,"minecraft:diorite":4,"minecraft:white_bed":2,"minecraft:spider_eye":2,"minecraft:stone_sword":1,"minecraft:arrow":6,"minecraft:rotten_flesh":24,"minecraft:diamond":19,"minecraft:stone_axe":1,"minecraft:hay_block":10,"minecraft:granite":2,"minecraft:bread":29,"minecraft:oak_sapling":21,"minecraft:obsidian":14,"minecraft:black_wool":1,"minecraft:mutton":10,"minecraft:coal":75,"minecraft:white_wool":7,"minecraft:cobblestone":53},"minecraft:killed":{"minecraft:pig":4,"minecraft:spider":5,"minecraft:creeper":1,"minecraft:skeleton":3,"minecraft:sheep":5,"minecraft:zombie":8}},"DataVersion":3955}