{"stats":{"minecraft:mined":{"minecraft:tuff":1,"minecraft:deepslate_diamond_ore":5,"minecraft:crafting_table":4,"minecraft:torch":1,"minecraft:short_grass":5,"minecraft:grass_block":2,"minecraft:poppy":1,"minecraft:wall_torch":1,"minecraft:furnace":1,"minecraft:iron_ore":13,"minecraft:wheat":9,"minecraft:oak_log":17,"minecraft:coal_ore":4,"minecraft:dirt":6,"minecraft:stone":20,"minecraft:oak_leaves":9,"minecraft:deepslate":3},"minecraft:used":{"minecraft:stone_sword":25,"minecraft:stone_pickaxe":21,"minecraft:wooden_pickaxe":24,"minecraft:torch":4,"minecraft:dirt":14,"minecraft:crafting_table":4,"minecraft:tuff":1,"minecraft:iron_pickaxe":11,"minecraft:stone_axe":23,"minecraft:furnace":2,"minecraft:cooked_porkchop":4,"minecraft:cobbled_deepslate":3},"minecraft:custom":{"minecraft:interact_with_furnace":14,"minecraft:mob_kills":10,"minecraft:interact_with_crafting_table":11,"minecraft:time_since_death":19365,"minecraft:sleep_in_bed":1,"minecraft:time_since_rest":6219,"minecraft:sprint_one_cm":53668,"minecraft:damage_taken":350,"minecraft:walk_one_cm":61483,"minecraft:drop":5,"minecraft:damage_dealt":1319,"minecraft:swim_one_cm":1349,"minecraft:fly_one_cm":60509,"minecraft:crouch_one_cm":3826,"minecraft:play_time":19365,"minecraft:sneak_time":928,"minecraft:walk_under_water_one_cm":88,"minecraft:jump":343,"minecraft:walk_on_water_one_cm":732,"minecraft:total_world_time":19365,"minecraft:fall_one_cm":14879},"minecraft:dropped":{"minecraft:stone_sword":1,"minecraft:crafting_table":1,"minecraft:torch":1,"minecraft:wooden_pickaxe":1,"minecraft:stone_pickaxe":1},"minecraft:crafted":{"minecraft:oak_planks":72,"minecraft:crafting_table":2,"minecraft:wooden_pickaxe":1,"minecraft:iron_sword":1,"minecraft:furnace":1,"minecraft:stone_axe":1,"minecraft:air":0,"minecraft:shield":1,"minecraft:stick":12,"minecraft:iron_ingot":7,"minecraft:iron_pickaxe":1,"minecraft:stone_pickaxe":1,"minecraft:stone_sword":1,"minecraft:torch":16},"minecraft:picked_up":{"minecraft:crafting_table":3,"minecraft:wheat":9,"minecraft:leather":5,"minecraft:wooden_pickaxe":1,"minecraft:tuff":1,"minecraft:oak_log":18,"minecraft:dirt":29,"minecraft:string":1,"minecraft:wheat_seeds":26,"minecraft:cobbled_deepslate":3,"minecraft:beef":10,"minecraft:poppy":1,"minecraft:furnace":1,"minecraft:stick":4,"minecraft:raw_iron":13,"minecraft:cooked_porkchop":5,"minecraft:torch":3,"minecraft:porkchop":4,"minecraft:arrow":1,"minecraft:rotten_flesh":10,"minecraft:diamond":5,"minecraft:oak_sapling":1,"minecraft:mutton":2,"minecraft:coal":4,"minecraft:white_wool":1,"minecraft:cobblestone":20},"minecraft:killed":{"minecraft:pig":2,"minecraft:spider":1,"minecraft:sheep":2,"minecraft:skeleton":1,"minecraft:cow":4}},"DataVersion":3955}