{"stats":{"minecraft:crafted":{"minecraft:oak_planks":72,"minecraft:blaze_powder":6,"minecraft:furnace":1,"minecraft:cooked_mutton":3,"minecraft:quartz_block":14,"minecraft:diamond_helmet":1,"minecraft:bow":2,"minecraft:diamond_leggings":1,"minecraft:iron_boots":3,"minecraft:stone_pickaxe":1,"minecraft:diamond_boots":1,"minecraft:cooked_beef":20,"minecraft:diamond_sword":1,"minecraft:cooked_porkchop":35,"minecraft:crafting_table":2,"minecraft:wooden_pickaxe":1,"minecraft:iron_helmet":3,"minecraft:iron_sword":2,"minecraft:bucket":3,"minecraft:stone_axe":1,"minecraft:air":0,"minecraft:iron_chestplate":3,"minecraft:diamond_pickaxe":2,"minecraft:shield":1,"minecraft:stick":32,"minecraft:iron_ingot":150,"minecraft:iron_pickaxe":3,"minecraft:stone_sword":1,"minecraft:iron_shovel":1,"minecraft:iron_leggings":3,"minecraft:acacia_planks":8,"minecraft:torch":40,"minecraft:diamond_chestplate":1},"minecraft:picked_up":{"minecraft:iron_chestplate":6,"minecraft:crafting_table":19,"minecraft:wheat":9,"minecraft:chicken":3,"minecraft:nether_wart":63,"minecraft:diamond_sword":5,"minecraft:wooden_pickaxe":1,"minecraft:shield":5,"minecraft:string":33,"minecraft:raw_copper":24,"minecraft:iron_leggings":6,"minecraft:iron_shovel":1,"minecraft:blackstone":126,"minecraft:beetroot":4,"minecraft:diamond_leggings":1,"minecraft:gold_nugget":84,"minecraft:cobbled_deepslate":179,"minecraft:beef":20,"minecraft:oak_boat":12,"minecraft:poppy":1,"minecraft:furnace":20,"minecraft:iron_boots":8,"minecraft:egg":3,"minecraft:golden_helmet":1,"minecraft:stick":80,"minecraft:raw_iron":103,"minecraft:oak_fence":4,"minecraft:torch":126,"minecraft:acacia_log":2,"minecraft:porkchop":45,"minecraft:polished_blackstone_bricks":44,"minecraft:pointed_dripstone":14,"minecraft:diorite":1,"minecraft:redstone":40,"minecraft:diamond_chestplate":1,"minecraft:arrow":131,"minecraft:weeping_vines":3,"minecraft:rotten_flesh":64,"minecraft:beetroot_seeds":13,"minecraft:armadillo_scute":1,"minecraft:blaze_rod":3,"minecraft:mutton":4,"minecraft:blaze_powder":12,"minecraft:rail":2,"minecraft:white_wool":1,"minecraft:cobblestone":108,"minecraft:feather":3,"minecraft:glow_ink_sac":5,"minecraft:water_bucket":3,"minecraft:andesite":25,"minecraft:leather":66,"minecraft:flint":4,"minecraft:tuff":10,"minecraft:oak_log":18,"minecraft:golden_boots":2,"minecraft:gunpowder":7,"minecraft:lapis_lazuli":124,"minecraft:dirt":33,"minecraft:twisting_vines":4,"minecraft:cooked_mutton":1,"minecraft:bone":36,"minecraft:bow":3,"minecraft:wheat_seeds":134,"minecraft:raw_gold":209,"minecraft:bell":2,"minecraft:iron_ingot":202,"minecraft:iron_sword":2,"minecraft:oak_planks":13,"minecraft:warped_fungus":2,"minecraft:cooked_porkchop":83,"minecraft:quartz":211,"minecraft:dripstone_block":8,"minecraft:lava_bucket":3,"minecraft:diamond":94,"minecraft:stone_axe":4,"minecraft:iron_helmet":6,"minecraft:granite":3,"minecraft:gray_wool":1,"minecraft:warped_roots":14,"minecraft:oak_sapling":1,"minecraft:netherrack":924,"minecraft:warped_nylium":6,"minecraft:coal":397,"minecraft:crimson_roots":28,"minecraft:ender_pearl":18,"minecraft:diamond_pickaxe":6},"minecraft:custom":{"minecraft:mob_kills":170,"minecraft:interact_with_crafting_table":35,"minecraft:bell_ring":4,"minecraft:leave_game":5,"minecraft:time_since_death":18315,"minecraft:climb_one_cm":6414,"minecraft:sprint_one_cm":821931,"minecraft:walk_one_cm":993617,"minecraft:damage_blocked_by_shield":1440,"minecraft:drop":64,"minecraft:play_time":439391,"minecraft:deaths":10,"minecraft:sneak_time":15360,"minecraft:walk_under_water_one_cm":9164,"minecraft:boat_one_cm":117,"minecraft:jump":6917,"minecraft:walk_on_water_one_cm":35365,"minecraft:total_world_time":439391,"minecraft:interact_with_furnace":107,"minecraft:pot_flower":1,"minecraft:sleep_in_bed":2,"minecraft:time_since_rest":4280,"minecraft:damage_taken":9546,"minecraft:damage_absorbed":67,"minecraft:damage_dealt":33938,"minecraft:player_kills":2,"minecraft:swim_one_cm":19353,"minecraft:fly_one_cm":1020867,"minecraft:open_chest":24,"minecraft:crouch_one_cm":75163,"minecraft:fall_one_cm":229163},"minecraft:broken":{"minecraft:iron_boots":1,"minecraft:iron_pickaxe":1,"minecraft:iron_helmet":1},"minecraft:mined":{"minecraft:nether_gold_ore":5,"minecraft:diamond_ore":1,"minecraft:tuff":11,"minecraft:deepslate_diamond_ore":39,"minecraft:granite":3,"minecraft:acacia_log":2,"minecraft:grass_block":2,"minecraft:cracked_polished_blackstone_bricks":8,"minecraft:crimson_roots":13,"minecraft:weeping_vines":3,"minecraft:crimson_fungus":1,"minecraft:spawner":4,"minecraft:polished_blackstone_bricks":36,"minecraft:weeping_vines_plant":3,"minecraft:magma_block":1,"minecraft:furnace":12,"minecraft:iron_ore":48,"minecraft:nether_sprouts":2,"minecraft:cobbled_deepslate":4,"minecraft:andesite":14,"minecraft:deepslate_lapis_ore":3,"minecraft:twisting_vines":2,"minecraft:deepslate_iron_ore":56,"minecraft:rail":2,"minecraft:stone":96,"minecraft:deepslate_redstone_ore":2,"minecraft:blackstone":77,"minecraft:twisting_vines_plant":1,"minecraft:crimson_nylium":19,"minecraft:basalt":2,"minecraft:crafting_table":16,"minecraft:torch":29,"minecraft:short_grass":19,"minecraft:poppy":1,"minecraft:warped_roots":7,"minecraft:nether_quartz_ore":60,"minecraft:copper_ore":2,"minecraft:tall_grass":1,"minecraft:cobblestone":11,"minecraft:deepslate_coal_ore":1,"minecraft:deepslate_gold_ore":80,"minecraft:lapis_ore":3,"minecraft:oak_planks":2,"minecraft:wall_torch":22,"minecraft:warped_wart_block":1,"minecraft:warped_nylium":5,"minecraft:nether_wart_block":1,"minecraft:wheat":9,"minecraft:oak_log":17,"minecraft:coal_ore":31,"minecraft:beetroots":4,"minecraft:gravel":23,"minecraft:dirt":10,"minecraft:cobweb":27,"minecraft:netherrack":739,"minecraft:gold_ore":17,"minecraft:deepslate":146,"minecraft:oak_leaves":9},"minecraft:killed":{"minecraft:cave_spider":2,"minecraft:zombified_piglin":4,"minecraft:spider":6,"minecraft:skeleton":31,"minecraft:chicken":3,"minecraft:piglin":22,"minecraft:pig":7,"minecraft:zombie_villager":1,"minecraft:hoglin":16,"minecraft:creeper":2,"minecraft:sheep":3,"minecraft:zombie":39,"minecraft:ghast":1,"minecraft:wither_skeleton":1,"minecraft:enderman":15,"minecraft:blaze":4,"minecraft:cow":8},"minecraft:used":{"minecraft:beetroot":4,"minecraft:stone_sword":25,"minecraft:iron_shovel":23,"minecraft:shield":51,"minecraft:iron_sword":222,"minecraft:rotten_flesh":32,"minecraft:netherrack":417,"minecraft:iron_chestplate":2,"minecraft:torch":159,"minecraft:dirt":33,"minecraft:tuff":9,"minecraft:lava_bucket":9,"minecraft:iron_helmet":4,"minecraft:iron_boots":3,"minecraft:furnace":8,"minecraft:beetroot_seeds":2,"minecraft:egg":3,"minecraft:cooked_beef":12,"minecraft:cobbled_deepslate":125,"minecraft:iron_leggings":3,"minecraft:cooked_mutton":4,"minecraft:water_bucket":6,"minecraft:diorite":1,"minecraft:oak_planks":2,"minecraft:stone_pickaxe":21,"minecraft:blackstone":63,"minecraft:wooden_pickaxe":24,"minecraft:polished_blackstone_bricks":22,"minecraft:golden_apple":2,"minecraft:crafting_table":14,"minecraft:pumpkin_seeds":2,"minecraft:diamond_pickaxe":1263,"minecraft:bread":2,"minecraft:string":1,"minecraft:iron_pickaxe":261,"minecraft:stone_axe":34,"minecraft:diamond_sword":466,"minecraft:cobblestone":70,"minecraft:cooked_porkchop":57,"minecraft:andesite":16,"minecraft:bucket":18,"minecraft:oak_boat":6},"minecraft:dropped":{"minecraft:golden_boots":1,"minecraft:iron_ingot":10,"minecraft:iron_sword":3,"minecraft:golden_helmet":1,"minecraft:cooked_beef":8,"minecraft:glow_ink_sac":5,"minecraft:diamond":4,"minecraft:crafting_table":2,"minecraft:cooked_porkchop":14,"minecraft:diamond_leggings":1,"minecraft:weeping_vines":1,"minecraft:oak_fence":4,"minecraft:iron_helmet":2,"minecraft:cobblestone":4,"minecraft:warped_roots":6,"minecraft:granite":3,"minecraft:torch":1,"minecraft:iron_leggings":3,"minecraft:gold_nugget":26,"minecraft:iron_pickaxe":2,"minecraft:string":2,"minecraft:white_wool":1,"minecraft:stone_axe":1,"minecraft:stone_sword":1,"minecraft:iron_boots":3,"minecraft:blaze_powder":2,"minecraft:poppy":1,"minecraft:gunpowder":1,"minecraft:diamond_chestplate":1,"minecraft:iron_chestplate":3,"minecraft:andesite":8,"minecraft:oak_boat":3,"minecraft:oak_sapling":1,"minecraft:bow":1,"minecraft:stone_pickaxe":1,"minecraft:wooden_pickaxe":2,"minecraft:raw_gold":37,"minecraft:netherrack":257},"minecraft:killed_by":{"minecraft:zombie_villager":1,"minecraft:player":2,"minecraft:piglin":1}},"DataVersion":3955}