{"stats":{"minecraft:broken":{"minecraft:iron_boots":1,"minecraft:iron_pickaxe":1,"minecraft:iron_helmet":1},"minecraft:mined":{"minecraft:nether_gold_ore":5,"minecraft:tuff":9,"minecraft:deepslate_diamond_ore":13,"minecraft:granite":3,"minecraft:grass_block":2,"minecraft:crimson_roots":13,"minecraft:cracked_polished_blackstone_bricks":8,"minecraft:weeping_vines":3,"minecraft:crimson_fungus":1,"minecraft:spawner":1,"minecraft:polished_blackstone_bricks":36,"minecraft:weeping_vines_plant":3,"minecraft:magma_block":1,"minecraft:furnace":9,"minecraft:nether_sprouts":2,"minecraft:iron_ore":44,"minecraft:andesite":13,"minecraft:twisting_vines":2,"minecraft:deepslate_iron_ore":44,"minecraft:stone":79,"minecraft:deepslate_redstone_ore":2,"minecraft:blackstone":77,"minecraft:crimson_nylium":17,"minecraft:basalt":2,"minecraft:crafting_table":13,"minecraft:torch":7,"minecraft:short_grass":5,"minecraft:poppy":1,"minecraft:warped_roots":6,"minecraft:nether_quartz_ore":60,"minecraft:copper_ore":1,"minecraft:cobblestone":7,"minecraft:lapis_ore":3,"minecraft:deepslate_gold_ore":27,"minecraft:oak_planks":1,"minecraft:wall_torch":10,"minecraft:warped_wart_block":1,"minecraft:warped_nylium":5,"minecraft:nether_wart_block":1,"minecraft:wheat":9,"minecraft:oak_log":17,"minecraft:coal_ore":15,"minecraft:gravel":23,"minecraft:dirt":9,"minecraft:cobweb":1,"minecraft:netherrack":720,"minecraft:gold_ore":10,"minecraft:oak_leaves":9,"minecraft:deepslate":18},"minecraft:killed_by":{"minecraft:player":1},"minecraft:custom":{"minecraft:mob_kills":98,"minecraft:interact_with_crafting_table":26,"minecraft:leave_game":2,"minecraft:time_since_death":38732,"minecraft:climb_one_cm":3768,"minecraft:sprint_one_cm":411292,"minecraft:walk_one_cm":564696,"minecraft:damage_blocked_by_shield":795,"minecraft:drop":50,"minecraft:play_time":191876,"minecraft:deaths":3,"minecraft:sneak_time":11286,"minecraft:walk_under_water_one_cm":833,"minecraft:boat_one_cm":117,"minecraft:jump":3724,"minecraft:walk_on_water_one_cm":9523,"minecraft:total_world_time":191876,"minecraft:interact_with_furnace":83,"minecraft:sleep_in_bed":1,"minecraft:time_since_rest":39245,"minecraft:damage_taken":5687,"minecraft:damage_dealt":21306,"minecraft:player_kills":1,"minecraft:swim_one_cm":1349,"minecraft:fly_one_cm":518001,"minecraft:open_chest":8,"minecraft:crouch_one_cm":59243,"minecraft:fall_one_cm":118465},"minecraft:used":{"minecraft:stone_sword":25,"minecraft:iron_shovel":23,"minecraft:shield":27,"minecraft:iron_sword":222,"minecraft:rotten_flesh":5,"minecraft:netherrack":345,"minecraft:torch":51,"minecraft:dirt":32,"minecraft:tuff":9,"minecraft:lava_bucket":8,"minecraft:iron_helmet":1,"minecraft:furnace":7,"minecraft:cooked_beef":10,"minecraft:cobbled_deepslate":18,"minecraft:iron_leggings":1,"minecraft:cooked_mutton":2,"minecraft:water_bucket":4,"minecraft:diorite":1,"minecraft:oak_planks":2,"minecraft:stone_pickaxe":21,"minecraft:blackstone":63,"minecraft:wooden_pickaxe":24,"minecraft:polished_blackstone_bricks":22,"minecraft:crafting_table":12,"minecraft:diamond_pickaxe":943,"minecraft:iron_pickaxe":261,"minecraft:stone_axe":33,"minecraft:diamond_sword":187,"minecraft:cobblestone":67,"minecraft:cooked_porkchop":44,"minecraft:andesite":16,"minecraft:bucket":14,"minecraft:oak_boat":6},"minecraft:crafted":{"minecraft:oak_planks":72,"minecraft:blaze_powder":6,"minecraft:furnace":1,"minecraft:cooked_mutton":1,"minecraft:iron_boots":3,"minecraft:stone_pickaxe":1,"minecraft:cooked_beef":10,"minecraft:diamond_sword":1,"minecraft:cooked_porkchop":25,"minecraft:crafting_table":2,"minecraft:wooden_pickaxe":1,"minecraft:iron_helmet":3,"minecraft:iron_sword":2,"minecraft:bucket":2,"minecraft:stone_axe":1,"minecraft:air":0,"minecraft:iron_chestplate":3,"minecraft:diamond_pickaxe":1,"minecraft:shield":1,"minecraft:stick":16,"minecraft:iron_ingot":113,"minecraft:iron_pickaxe":3,"minecraft:stone_sword":1,"minecraft:iron_shovel":1,"minecraft:iron_leggings":3,"minecraft:torch":40},"minecraft:dropped":{"minecraft:golden_boots":1,"minecraft:iron_ingot":9,"minecraft:iron_sword":3,"minecraft:golden_helmet":1,"minecraft:glow_ink_sac":5,"minecraft:crafting_table":2,"minecraft:cooked_porkchop":14,"minecraft:iron_helmet":1,"minecraft:weeping_vines":1,"minecraft:cobblestone":4,"minecraft:warped_roots":6,"minecraft:granite":3,"minecraft:torch":1,"minecraft:iron_leggings":1,"minecraft:gold_nugget":26,"minecraft:iron_pickaxe":2,"minecraft:string":2,"minecraft:white_wool":1,"minecraft:stone_axe":1,"minecraft:stone_sword":1,"minecraft:iron_boots":1,"minecraft:blaze_powder":2,"minecraft:poppy":1,"minecraft:gunpowder":1,"minecraft:iron_chestplate":1,"minecraft:andesite":8,"minecraft:oak_boat":3,"minecraft:oak_sapling":1,"minecraft:wooden_pickaxe":2,"minecraft:stone_pickaxe":1,"minecraft:raw_gold":37,"minecraft:netherrack":257},"minecraft:picked_up":{"minecraft:crafting_table":15,"minecraft:iron_chestplate":3,"minecraft:wheat":9,"minecraft:diamond_sword":2,"minecraft:wooden_pickaxe":1,"minecraft:shield":3,"minecraft:string":2,"minecraft:raw_copper":20,"minecraft:iron_leggings":3,"minecraft:iron_shovel":1,"minecraft:blackstone":126,"minecraft:gold_nugget":69,"minecraft:cobbled_deepslate":33,"minecraft:beef":10,"minecraft:oak_boat":12,"minecraft:poppy":1,"minecraft:iron_boots":3,"minecraft:furnace":17,"minecraft:golden_helmet":1,"minecraft:stick":80,"minecraft:raw_iron":87,"minecraft:torch":51,"minecraft:porkchop":35,"minecraft:polished_blackstone_bricks":44,"minecraft:diorite":1,"minecraft:redstone":40,"minecraft:weeping_vines":1,"minecraft:arrow":72,"minecraft:rotten_flesh":43,"minecraft:blaze_rod":3,"minecraft:mutton":2,"minecraft:blaze_powder":12,"minecraft:white_wool":1,"minecraft:cobblestone":87,"minecraft:glow_ink_sac":5,"minecraft:water_bucket":3,"minecraft:andesite":24,"minecraft:leather":39,"minecraft:tuff":9,"minecraft:oak_log":18,"minecraft:golden_boots":2,"minecraft:gunpowder":3,"minecraft:lapis_lazuli":80,"minecraft:dirt":32,"minecraft:cooked_mutton":1,"minecraft:bone":16,"minecraft:wheat_seeds":104,"minecraft:raw_gold":149,"minecraft:bell":2,"minecraft:iron_ingot":201,"minecraft:iron_sword":2,"minecraft:oak_planks":10,"minecraft:warped_fungus":2,"minecraft:cooked_porkchop":83,"minecraft:quartz":205,"minecraft:lava_bucket":3,"minecraft:diamond":41,"minecraft:stone_axe":3,"minecraft:iron_helmet":3,"minecraft:granite":3,"minecraft:warped_roots":13,"minecraft:coal":343,"minecraft:oak_sapling":1,"minecraft:warped_nylium":4,"minecraft:netherrack":902,"minecraft:crimson_roots":28,"minecraft:diamond_pickaxe":3,"minecraft:ender_pearl":13},"minecraft:killed":{"minecraft:zombified_piglin":4,"minecraft:spider":2,"minecraft:skeleton":13,"minecraft:piglin":22,"minecraft:pig":2,"minecraft:zombie_villager":1,"minecraft:hoglin":16,"minecraft:creeper":1,"minecraft:sheep":2,"minecraft:zombie":11,"minecraft:ghast":1,"minecraft:wither_skeleton":1,"minecraft:blaze":4,"minecraft:cow":4,"minecraft:enderman":9}},"DataVersion":3955}