{"stats":{"minecraft:mined":{"minecraft:deepslate_redstone_ore":2,"minecraft:tuff":9,"minecraft:deepslate_diamond_ore":13,"minecraft:crafting_table":7,"minecraft:torch":6,"minecraft:short_grass":5,"minecraft:grass_block":2,"minecraft:poppy":1,"minecraft:cobblestone":5,"minecraft:deepslate_gold_ore":26,"minecraft:wall_torch":6,"minecraft:furnace":3,"minecraft:iron_ore":16,"minecraft:wheat":9,"minecraft:oak_log":17,"minecraft:coal_ore":4,"minecraft:deepslate_iron_ore":44,"minecraft:dirt":9,"minecraft:stone":22,"minecraft:gold_ore":5,"minecraft:oak_leaves":9,"minecraft:deepslate":15},"minecraft:used":{"minecraft:water_bucket":4,"minecraft:stone_sword":25,"minecraft:stone_pickaxe":21,"minecraft:shield":6,"minecraft:wooden_pickaxe":24,"minecraft:iron_sword":28,"minecraft:torch":40,"minecraft:dirt":32,"minecraft:crafting_table":6,"minecraft:tuff":9,"minecraft:iron_pickaxe":132,"minecraft:stone_axe":26,"minecraft:cobblestone":4,"minecraft:furnace":3,"minecraft:cooked_porkchop":5,"minecraft:bucket":5,"minecraft:cooked_beef":4,"minecraft:cobbled_deepslate":3},"minecraft:custom":{"minecraft:interact_with_furnace":36,"minecraft:mob_kills":17,"minecraft:interact_with_crafting_table":16,"minecraft:time_since_death":73365,"minecraft:sleep_in_bed":1,"minecraft:time_since_rest":60219,"minecraft:sprint_one_cm":101304,"minecraft:damage_taken":736,"minecraft:walk_one_cm":136094,"minecraft:damage_blocked_by_shield":170,"minecraft:drop":5,"minecraft:damage_dealt":2649,"minecraft:swim_one_cm":1349,"minecraft:fly_one_cm":151833,"minecraft:crouch_one_cm":5449,"minecraft:play_time":73365,"minecraft:sneak_time":1402,"minecraft:walk_under_water_one_cm":833,"minecraft:jump":1106,"minecraft:walk_on_water_one_cm":9151,"minecraft:total_world_time":73365,"minecraft:fall_one_cm":40746},"minecraft:dropped":{"minecraft:stone_sword":1,"minecraft:crafting_table":1,"minecraft:torch":1,"minecraft:wooden_pickaxe":1,"minecraft:stone_pickaxe":1},"minecraft:crafted":{"minecraft:cooked_beef":10,"minecraft:oak_planks":72,"minecraft:cooked_porkchop":4,"minecraft:crafting_table":2,"minecraft:iron_helmet":1,"minecraft:wooden_pickaxe":1,"minecraft:iron_sword":1,"minecraft:furnace":1,"minecraft:bucket":1,"minecraft:stone_axe":1,"minecraft:cooked_mutton":1,"minecraft:air":0,"minecraft:iron_boots":1,"minecraft:iron_chestplate":1,"minecraft:shield":1,"minecraft:stick":16,"minecraft:iron_ingot":35,"minecraft:iron_pickaxe":1,"minecraft:stone_pickaxe":1,"minecraft:stone_sword":1,"minecraft:iron_leggings":1,"minecraft:torch":40},"minecraft:picked_up":{"minecraft:crafting_table":6,"minecraft:wheat":9,"minecraft:glow_ink_sac":5,"minecraft:leather":5,"minecraft:wooden_pickaxe":1,"minecraft:tuff":9,"minecraft:oak_log":18,"minecraft:dirt":32,"minecraft:string":1,"minecraft:cooked_mutton":1,"minecraft:bone":4,"minecraft:wheat_seeds":26,"minecraft:cobbled_deepslate":15,"minecraft:raw_gold":31,"minecraft:beef":10,"minecraft:poppy":1,"minecraft:furnace":3,"minecraft:stick":4,"minecraft:raw_iron":59,"minecraft:cooked_porkchop":5,"minecraft:torch":13,"minecraft:porkchop":4,"minecraft:redstone":10,"minecraft:arrow":8,"minecraft:rotten_flesh":13,"minecraft:diamond":13,"minecraft:oak_sapling":1,"minecraft:mutton":2,"minecraft:coal":15,"minecraft:white_wool":1,"minecraft:cobblestone":25},"minecraft:killed":{"minecraft:pig":2,"minecraft:zombie_villager":1,"minecraft:spider":1,"minecraft:sheep":2,"minecraft:skeleton":5,"minecraft:zombie":2,"minecraft:cow":4}},"DataVersion":3955}