{"stats":{"minecraft:mined":{"minecraft:tuff":5,"minecraft:deepslate_diamond_ore":13,"minecraft:crafting_table":5,"minecraft:torch":1,"minecraft:short_grass":5,"minecraft:grass_block":2,"minecraft:poppy":1,"minecraft:deepslate_gold_ore":17,"minecraft:wall_torch":2,"minecraft:furnace":2,"minecraft:iron_ore":16,"minecraft:wheat":9,"minecraft:oak_log":17,"minecraft:coal_ore":4,"minecraft:deepslate_iron_ore":20,"minecraft:dirt":9,"minecraft:stone":22,"minecraft:gold_ore":5,"minecraft:oak_leaves":9,"minecraft:deepslate":10},"minecraft:used":{"minecraft:stone_sword":25,"minecraft:stone_pickaxe":21,"minecraft:wooden_pickaxe":24,"minecraft:iron_sword":4,"minecraft:torch":19,"minecraft:dirt":31,"minecraft:crafting_table":5,"minecraft:tuff":1,"minecraft:iron_pickaxe":78,"minecraft:stone_axe":24,"minecraft:furnace":3,"minecraft:cooked_porkchop":5,"minecraft:cobbled_deepslate":3},"minecraft:custom":{"minecraft:interact_with_furnace":27,"minecraft:mob_kills":11,"minecraft:interact_with_crafting_table":11,"minecraft:time_since_death":31365,"minecraft:sleep_in_bed":1,"minecraft:time_since_rest":18219,"minecraft:sprint_one_cm":66835,"minecraft:damage_taken":420,"minecraft:walk_one_cm":87083,"minecraft:drop":5,"minecraft:damage_dealt":1509,"minecraft:swim_one_cm":1349,"minecraft:fly_one_cm":88781,"minecraft:crouch_one_cm":5091,"minecraft:play_time":31365,"minecraft:sneak_time":1317,"minecraft:walk_under_water_one_cm":88,"minecraft:jump":626,"minecraft:walk_on_water_one_cm":732,"minecraft:total_world_time":31365,"minecraft:fall_one_cm":21710},"minecraft:dropped":{"minecraft:stone_sword":1,"minecraft:crafting_table":1,"minecraft:torch":1,"minecraft:wooden_pickaxe":1,"minecraft:stone_pickaxe":1},"minecraft:crafted":{"minecraft:cooked_beef":10,"minecraft:oak_planks":72,"minecraft:cooked_porkchop":4,"minecraft:crafting_table":2,"minecraft:wooden_pickaxe":1,"minecraft:iron_sword":1,"minecraft:furnace":1,"minecraft:stone_axe":1,"minecraft:cooked_mutton":1,"minecraft:air":0,"minecraft:shield":1,"minecraft:stick":16,"minecraft:iron_ingot":17,"minecraft:iron_pickaxe":1,"minecraft:stone_pickaxe":1,"minecraft:stone_sword":1,"minecraft:torch":40},"minecraft:picked_up":{"minecraft:crafting_table":4,"minecraft:wheat":9,"minecraft:leather":5,"minecraft:wooden_pickaxe":1,"minecraft:tuff":5,"minecraft:oak_log":18,"minecraft:dirt":32,"minecraft:string":1,"minecraft:cooked_mutton":1,"minecraft:wheat_seeds":26,"minecraft:cobbled_deepslate":10,"minecraft:raw_gold":22,"minecraft:beef":10,"minecraft:poppy":1,"minecraft:furnace":2,"minecraft:stick":4,"minecraft:raw_iron":35,"minecraft:cooked_porkchop":5,"minecraft:torch":4,"minecraft:porkchop":4,"minecraft:arrow":3,"minecraft:rotten_flesh":10,"minecraft:diamond":13,"minecraft:oak_sapling":1,"minecraft:mutton":2,"minecraft:coal":4,"minecraft:white_wool":1,"minecraft:cobblestone":22},"minecraft:killed":{"minecraft:pig":2,"minecraft:spider":1,"minecraft:sheep":2,"minecraft:skeleton":2,"minecraft:cow":4}},"DataVersion":3955}