{"stats":{"minecraft:mined":{"minecraft:crafting_table":3,"minecraft:short_grass":1,"minecraft:grass_block":2,"minecraft:oak_log":17,"minecraft:dirt":6,"minecraft:stone":18,"minecraft:oak_leaves":7},"minecraft:used":{"minecraft:stone_sword":2,"minecraft:wooden_pickaxe":24,"minecraft:stone_axe":15,"minecraft:dirt":5,"minecraft:crafting_table":2},"minecraft:custom":{"minecraft:time_since_rest":7365,"minecraft:sprint_one_cm":15260,"minecraft:damage_taken":100,"minecraft:walk_one_cm":28733,"minecraft:mob_kills":1,"minecraft:drop":3,"minecraft:damage_dealt":200,"minecraft:interact_with_crafting_table":3,"minecraft:fly_one_cm":6161,"minecraft:crouch_one_cm":10,"minecraft:play_time":7365,"minecraft:sneak_time":5,"minecraft:jump":74,"minecraft:time_since_death":7365,"minecraft:total_world_time":7365,"minecraft:fall_one_cm":2268},"minecraft:dropped":{"minecraft:torch":1,"minecraft:crafting_table":1,"minecraft:wooden_pickaxe":1},"minecraft:crafted":{"minecraft:oak_planks":20,"minecraft:crafting_table":2,"minecraft:stick":8,"minecraft:wooden_pickaxe":1,"minecraft:stone_pickaxe":1,"minecraft:stone_sword":1,"minecraft:stone_axe":1},"minecraft:picked_up":{"minecraft:stick":4,"minecraft:crafting_table":2,"minecraft:leather":1,"minecraft:torch":1,"minecraft:wooden_pickaxe":1,"minecraft:oak_log":18,"minecraft:dirt":8,"minecraft:beef":3,"minecraft:oak_sapling":1,"minecraft:cobblestone":18},"minecraft:killed":{"minecraft:cow":1}},"DataVersion":3955}