{"stats":{"minecraft:picked_up":{"minecraft:mud":6,"minecraft:iron_chestplate":6,"minecraft:crafting_table":19,"minecraft:wheat":9,"minecraft:chicken":3,"minecraft:nether_wart":63,"minecraft:clay_ball":4,"minecraft:diamond_sword":6,"minecraft:wooden_pickaxe":1,"minecraft:gilded_blackstone":3,"minecraft:golden_sword":1,"minecraft:shield":6,"minecraft:polished_blackstone_brick_stairs":2,"minecraft:string":39,"minecraft:raw_copper":24,"minecraft:iron_axe":1,"minecraft:iron_leggings":6,"minecraft:iron_shovel":1,"minecraft:blackstone":170,"minecraft:beetroot":4,"minecraft:cracked_stone_bricks":5,"minecraft:diamond_leggings":2,"minecraft:gold_nugget":84,"minecraft:cobbled_deepslate":239,"minecraft:beef":20,"minecraft:oak_boat":12,"minecraft:ender_eye":1,"minecraft:poppy":1,"minecraft:melon_slice":3,"minecraft:furnace":20,"minecraft:iron_boots":8,"minecraft:egg":3,"minecraft:golden_helmet":1,"minecraft:stick":80,"minecraft:raw_iron":103,"minecraft:oak_fence":4,"minecraft:torch":126,"minecraft:acacia_log":2,"minecraft:porkchop":45,"minecraft:polished_blackstone_bricks":73,"minecraft:pointed_dripstone":14,"minecraft:diorite":1,"minecraft:redstone":40,"minecraft:arrow":156,"minecraft:weeping_vines":4,"minecraft:rotten_flesh":68,"minecraft:diamond_chestplate":2,"minecraft:beetroot_seeds":13,"minecraft:diamond_boots":1,"minecraft:armadillo_scute":1,"minecraft:blaze_rod":3,"minecraft:mutton":4,"minecraft:rail":2,"minecraft:white_wool":1,"minecraft:blaze_powder":12,"minecraft:cobblestone":148,"minecraft:feather":3,"minecraft:basalt":17,"minecraft:iron_door":3,"minecraft:glow_ink_sac":5,"minecraft:water_bucket":4,"minecraft:andesite":25,"minecraft:leather":74,"minecraft:flint":4,"minecraft:crimson_fungus":1,"minecraft:tuff":10,"minecraft:oak_log":18,"minecraft:golden_boots":2,"minecraft:nether_wart_block":2,"minecraft:gunpowder":7,"minecraft:lapis_lazuli":152,"minecraft:dirt":33,"minecraft:name_tag":1,"minecraft:twisting_vines":4,"minecraft:cooked_mutton":1,"minecraft:bone":36,"minecraft:stone_bricks":9,"minecraft:bow":4,"minecraft:wheat_seeds":137,"minecraft:raw_gold":209,"minecraft:bell":2,"minecraft:iron_ingot":202,"minecraft:glowstone_dust":156,"minecraft:mossy_stone_bricks":3,"minecraft:diamond_helmet":1,"minecraft:bamboo":9,"minecraft:iron_sword":2,"minecraft:oak_planks":36,"minecraft:book":72,"minecraft:warped_fungus":2,"minecraft:cooked_porkchop":130,"minecraft:stone_brick_slab":1,"minecraft:quartz":218,"minecraft:dripstone_block":8,"minecraft:gravel":4,"minecraft:lava_bucket":3,"minecraft:sand":1,"minecraft:cracked_polished_blackstone_bricks":18,"minecraft:diamond":94,"minecraft:stone_axe":4,"minecraft:iron_helmet":6,"minecraft:granite":3,"minecraft:gray_wool":1,"minecraft:warped_roots":14,"minecraft:oak_sapling":1,"minecraft:netherrack":997,"minecraft:warped_nylium":6,"minecraft:coal":397,"minecraft:crimson_roots":50,"minecraft:diamond_pickaxe":8,"minecraft:ender_pearl":18},"minecraft:used":{"minecraft:beetroot":4,"minecraft:stone_sword":25,"minecraft:iron_shovel":23,"minecraft:shield":51,"minecraft:iron_sword":222,"minecraft:rotten_flesh":38,"minecraft:netherrack":461,"minecraft:iron_chestplate":2,"minecraft:torch":159,"minecraft:dirt":33,"minecraft:diamond_helmet":1,"minecraft:tuff":9,"minecraft:weeping_vines":1,"minecraft:lava_bucket":28,"minecraft:iron_axe":40,"minecraft:iron_helmet":4,"minecraft:iron_boots":3,"minecraft:crimson_roots":1,"minecraft:golden_sword":3,"minecraft:diamond_chestplate":1,"minecraft:bow":15,"minecraft:furnace":8,"minecraft:beetroot_seeds":2,"minecraft:egg":3,"minecraft:cooked_beef":12,"minecraft:cobbled_deepslate":125,"minecraft:iron_leggings":3,"minecraft:cooked_mutton":4,"minecraft:water_bucket":7,"minecraft:diorite":1,"minecraft:diamond_boots":1,"minecraft:oak_planks":10,"minecraft:stone_pickaxe":21,"minecraft:blackstone":63,"minecraft:wooden_pickaxe":24,"minecraft:cracked_stone_bricks":2,"minecraft:polished_blackstone_bricks":22,"minecraft:golden_apple":2,"minecraft:crafting_table":14,"minecraft:pumpkin_seeds":2,"minecraft:mud":1,"minecraft:diamond_pickaxe":1565,"minecraft:iron_pickaxe":261,"minecraft:melon_slice":3,"minecraft:bread":5,"minecraft:string":1,"minecraft:gravel":4,"minecraft:stone_axe":34,"minecraft:diamond_sword":646,"minecraft:cobblestone":70,"minecraft:andesite":16,"minecraft:cooked_porkchop":71,"minecraft:bucket":38,"minecraft:diamond_leggings":1,"minecraft:oak_boat":6},"minecraft:broken":{"minecraft:iron_boots":1,"minecraft:iron_pickaxe":1,"minecraft:iron_helmet":1},"minecraft:mined":{"minecraft:nether_gold_ore":5,"minecraft:diamond_ore":1,"minecraft:tuff":11,"minecraft:deepslate_diamond_ore":39,"minecraft:granite":3,"minecraft:acacia_log":2,"minecraft:grass_block":2,"minecraft:cracked_polished_blackstone_bricks":27,"minecraft:crimson_roots":30,"minecraft:weeping_vines":3,"minecraft:crimson_fungus":2,"minecraft:gilded_blackstone":3,"minecraft:spawner":4,"minecraft:polished_blackstone_bricks":65,"minecraft:weeping_vines_plant":7,"minecraft:magma_block":1,"minecraft:fire":3,"minecraft:glowstone":55,"minecraft:furnace":12,"minecraft:iron_ore":48,"minecraft:nether_sprouts":2,"minecraft:cobbled_deepslate":4,"minecraft:andesite":14,"minecraft:deepslate_lapis_ore":3,"minecraft:twisting_vines":2,"minecraft:bookshelf":24,"minecraft:deepslate_iron_ore":56,"minecraft:rail":2,"minecraft:bamboo":1,"minecraft:stone":96,"minecraft:deepslate_redstone_ore":2,"minecraft:blackstone":121,"minecraft:infested_stone_bricks":1,"minecraft:twisting_vines_plant":1,"minecraft:crimson_nylium":47,"minecraft:basalt":19,"minecraft:stone_brick_slab":1,"minecraft:crafting_table":16,"minecraft:torch":29,"minecraft:short_grass":21,"minecraft:poppy":1,"minecraft:melon":1,"minecraft:warped_roots":7,"minecraft:nether_quartz_ore":67,"minecraft:copper_ore":2,"minecraft:tall_grass":1,"minecraft:cobblestone":11,"minecraft:deepslate_coal_ore":1,"minecraft:polished_blackstone_brick_stairs":2,"minecraft:deepslate_gold_ore":80,"minecraft:lapis_ore":3,"minecraft:oak_planks":19,"minecraft:iron_door":3,"minecraft:wall_torch":22,"minecraft:warped_wart_block":1,"minecraft:warped_nylium":5,"minecraft:nether_wart_block":3,"minecraft:mud":5,"minecraft:wheat":9,"minecraft:coal_ore":31,"minecraft:oak_log":17,"minecraft:beetroots":4,"minecraft:gravel":27,"minecraft:dirt":10,"minecraft:cobweb":32,"minecraft:cracked_stone_bricks":2,"minecraft:stone_bricks":8,"minecraft:gold_ore":17,"minecraft:netherrack":787,"minecraft:deepslate":177,"minecraft:mossy_stone_bricks":2,"minecraft:oak_leaves":9},"minecraft:dropped":{"minecraft:iron_ingot":10,"minecraft:golden_boots":1,"minecraft:iron_sword":3,"minecraft:wheat_seeds":3,"minecraft:golden_helmet":1,"minecraft:cooked_beef":8,"minecraft:glow_ink_sac":5,"minecraft:diamond":4,"minecraft:crafting_table":2,"minecraft:cooked_porkchop":14,"minecraft:diamond_leggings":1,"minecraft:iron_helmet":2,"minecraft:weeping_vines":1,"minecraft:oak_fence":4,"minecraft:cobblestone":4,"minecraft:warped_roots":6,"minecraft:granite":3,"minecraft:torch":1,"minecraft:crimson_roots":2,"minecraft:iron_leggings":3,"minecraft:gold_nugget":26,"minecraft:iron_pickaxe":2,"minecraft:string":2,"minecraft:white_wool":1,"minecraft:stone_axe":1,"minecraft:stone_sword":1,"minecraft:iron_boots":3,"minecraft:blaze_powder":2,"minecraft:poppy":1,"minecraft:gunpowder":1,"minecraft:diamond_chestplate":1,"minecraft:iron_chestplate":3,"minecraft:andesite":8,"minecraft:oak_boat":3,"minecraft:oak_sapling":1,"minecraft:bow":1,"minecraft:stone_pickaxe":1,"minecraft:wooden_pickaxe":2,"minecraft:raw_gold":37,"minecraft:netherrack":257},"minecraft:killed_by":{"minecraft:zombie_villager":1,"minecraft:player":2,"minecraft:piglin":1},"minecraft:custom":{"minecraft:mob_kills":212,"minecraft:interact_with_crafting_table":35,"minecraft:bell_ring":4,"minecraft:leave_game":6,"minecraft:time_since_death":59121,"minecraft:climb_one_cm":12865,"minecraft:sprint_one_cm":982919,"minecraft:walk_one_cm":1234355,"minecraft:damage_blocked_by_shield":1440,"minecraft:drop":69,"minecraft:play_time":513395,"minecraft:sneak_time":17442,"minecraft:deaths":11,"minecraft:walk_under_water_one_cm":10805,"minecraft:boat_one_cm":117,"minecraft:jump":8074,"minecraft:walk_on_water_one_cm":50865,"minecraft:total_world_time":513395,"minecraft:interact_with_furnace":107,"minecraft:pot_flower":1,"minecraft:sleep_in_bed":2,"minecraft:time_since_rest":59263,"minecraft:damage_taken":11491,"minecraft:damage_absorbed":67,"minecraft:damage_dealt":43169,"minecraft:player_kills":2,"minecraft:swim_one_cm":94707,"minecraft:fly_one_cm":1164147,"minecraft:open_chest":34,"minecraft:crouch_one_cm":83635,"minecraft:fall_one_cm":268461},"minecraft:killed":{"minecraft:cave_spider":2,"minecraft:zombified_piglin":4,"minecraft:spider":7,"minecraft:skeleton":32,"minecraft:chicken":3,"minecraft:silverfish":1,"minecraft:piglin_brute":3,"minecraft:piglin":38,"minecraft:pig":7,"minecraft:zombie_villager":1,"minecraft:hoglin":31,"minecraft:creeper":2,"minecraft:sheep":3,"minecraft:zombie":42,"minecraft:ghast":1,"minecraft:wither_skeleton":1,"minecraft:enderman":15,"minecraft:blaze":4,"minecraft:cow":8},"minecraft:crafted":{"minecraft:oak_planks":72,"minecraft:blaze_powder":6,"minecraft:furnace":1,"minecraft:cooked_mutton":3,"minecraft:quartz_block":14,"minecraft:diamond_helmet":1,"minecraft:bow":2,"minecraft:diamond_leggings":1,"minecraft:iron_boots":3,"minecraft:stone_pickaxe":1,"minecraft:diamond_boots":1,"minecraft:cooked_beef":20,"minecraft:diamond_sword":1,"minecraft:cooked_porkchop":35,"minecraft:crafting_table":2,"minecraft:wooden_pickaxe":1,"minecraft:iron_helmet":3,"minecraft:iron_sword":2,"minecraft:bucket":3,"minecraft:stone_axe":1,"minecraft:air":0,"minecraft:iron_chestplate":3,"minecraft:diamond_pickaxe":2,"minecraft:shield":1,"minecraft:stick":32,"minecraft:iron_ingot":150,"minecraft:iron_pickaxe":3,"minecraft:stone_sword":1,"minecraft:iron_shovel":1,"minecraft:iron_leggings":3,"minecraft:acacia_planks":8,"minecraft:torch":40,"minecraft:diamond_chestplate":1}},"DataVersion":3955}