{"stats":{"minecraft:broken":{"minecraft:iron_pickaxe":1},"minecraft:mined":{"minecraft:deepslate_redstone_ore":2,"minecraft:tuff":9,"minecraft:deepslate_diamond_ore":13,"minecraft:crafting_table":11,"minecraft:torch":7,"minecraft:granite":3,"minecraft:short_grass":5,"minecraft:grass_block":2,"minecraft:poppy":1,"minecraft:warped_roots":5,"minecraft:crimson_roots":3,"minecraft:nether_quartz_ore":42,"minecraft:copper_ore":1,"minecraft:cobblestone":7,"minecraft:lapis_ore":3,"minecraft:deepslate_gold_ore":27,"minecraft:oak_planks":1,"minecraft:wall_torch":10,"minecraft:warped_nylium":4,"minecraft:furnace":6,"minecraft:nether_wart_block":1,"minecraft:nether_sprouts":2,"minecraft:iron_ore":44,"minecraft:wheat":9,"minecraft:andesite":13,"minecraft:twisting_vines":2,"minecraft:oak_log":17,"minecraft:coal_ore":15,"minecraft:deepslate_iron_ore":44,"minecraft:gravel":23,"minecraft:dirt":9,"minecraft:cobweb":1,"minecraft:stone":79,"minecraft:netherrack":28,"minecraft:gold_ore":10,"minecraft:oak_leaves":9,"minecraft:deepslate":18},"minecraft:custom":{"minecraft:interact_with_furnace":66,"minecraft:mob_kills":51,"minecraft:interact_with_crafting_table":21,"minecraft:time_since_death":121365,"minecraft:sleep_in_bed":1,"minecraft:climb_one_cm":3359,"minecraft:time_since_rest":108219,"minecraft:sprint_one_cm":211354,"minecraft:damage_taken":1877,"minecraft:walk_one_cm":312055,"minecraft:damage_blocked_by_shield":745,"minecraft:drop":21,"minecraft:damage_dealt":10393,"minecraft:swim_one_cm":1349,"minecraft:fly_one_cm":277816,"minecraft:crouch_one_cm":20281,"minecraft:play_time":121365,"minecraft:sneak_time":4444,"minecraft:walk_under_water_one_cm":833,"minecraft:boat_one_cm":117,"minecraft:jump":2152,"minecraft:walk_on_water_one_cm":9523,"minecraft:total_world_time":121365,"minecraft:fall_one_cm":75142},"minecraft:used":{"minecraft:cooked_mutton":2,"minecraft:water_bucket":4,"minecraft:diorite":1,"minecraft:stone_sword":25,"minecraft:iron_shovel":23,"minecraft:stone_pickaxe":21,"minecraft:oak_planks":2,"minecraft:shield":26,"minecraft:wooden_pickaxe":24,"minecraft:iron_sword":191,"minecraft:netherrack":35,"minecraft:rotten_flesh":5,"minecraft:torch":47,"minecraft:dirt":32,"minecraft:crafting_table":9,"minecraft:tuff":9,"minecraft:diamond_pickaxe":80,"minecraft:lava_bucket":2,"minecraft:iron_pickaxe":261,"minecraft:stone_axe":31,"minecraft:cobblestone":67,"minecraft:furnace":5,"minecraft:cooked_porkchop":9,"minecraft:andesite":16,"minecraft:bucket":8,"minecraft:oak_boat":6,"minecraft:cooked_beef":10,"minecraft:cobbled_deepslate":3},"minecraft:dropped":{"minecraft:glow_ink_sac":5,"minecraft:stone_sword":1,"minecraft:crafting_table":2,"minecraft:cobblestone":4,"minecraft:warped_roots":5,"minecraft:granite":3,"minecraft:poppy":1,"minecraft:gunpowder":1,"minecraft:torch":1,"minecraft:andesite":8,"minecraft:oak_sapling":1,"minecraft:wooden_pickaxe":2,"minecraft:stone_pickaxe":1,"minecraft:iron_pickaxe":1,"minecraft:string":2,"minecraft:white_wool":1},"minecraft:crafted":{"minecraft:cooked_beef":10,"minecraft:oak_planks":72,"minecraft:cooked_porkchop":8,"minecraft:crafting_table":2,"minecraft:iron_helmet":1,"minecraft:wooden_pickaxe":1,"minecraft:iron_sword":1,"minecraft:furnace":1,"minecraft:bucket":2,"minecraft:stone_axe":1,"minecraft:cooked_mutton":1,"minecraft:air":0,"minecraft:diamond_pickaxe":1,"minecraft:iron_boots":1,"minecraft:iron_chestplate":1,"minecraft:shield":1,"minecraft:stick":16,"minecraft:iron_ingot":113,"minecraft:iron_pickaxe":2,"minecraft:stone_pickaxe":1,"minecraft:stone_sword":1,"minecraft:iron_shovel":1,"minecraft:iron_leggings":1,"minecraft:torch":40},"minecraft:picked_up":{"minecraft:crafting_table":10,"minecraft:wheat":9,"minecraft:glow_ink_sac":5,"minecraft:andesite":24,"minecraft:leather":6,"minecraft:wooden_pickaxe":1,"minecraft:tuff":9,"minecraft:oak_log":18,"minecraft:gunpowder":1,"minecraft:lapis_lazuli":20,"minecraft:dirt":32,"minecraft:string":2,"minecraft:raw_copper":5,"minecraft:cooked_mutton":1,"minecraft:bone":7,"minecraft:wheat_seeds":26,"minecraft:cobbled_deepslate":18,"minecraft:raw_gold":38,"minecraft:beef":10,"minecraft:oak_boat":7,"minecraft:poppy":1,"minecraft:oak_planks":1,"minecraft:furnace":6,"minecraft:stick":28,"minecraft:raw_iron":87,"minecraft:warped_fungus":1,"minecraft:cooked_porkchop":12,"minecraft:torch":19,"minecraft:quartz":41,"minecraft:porkchop":8,"minecraft:diorite":1,"minecraft:redstone":10,"minecraft:arrow":18,"minecraft:rotten_flesh":24,"minecraft:diamond":13,"minecraft:granite":3,"minecraft:warped_nylium":1,"minecraft:netherrack":35,"minecraft:warped_roots":6,"minecraft:oak_sapling":1,"minecraft:mutton":2,"minecraft:coal":48,"minecraft:crimson_roots":1,"minecraft:white_wool":1,"minecraft:cobblestone":87,"minecraft:ender_pearl":3},"minecraft:killed":{"minecraft:piglin":4,"minecraft:pig":2,"minecraft:zombie_villager":1,"minecraft:spider":2,"minecraft:hoglin":3,"minecraft:creeper":1,"minecraft:sheep":2,"minecraft:skeleton":13,"minecraft:zombie":11,"minecraft:enderman":6,"minecraft:cow":4}},"DataVersion":3955}