{"stats":{"minecraft:broken":{"minecraft:iron_pickaxe":1},"minecraft:mined":{"minecraft:nether_gold_ore":3,"minecraft:tuff":9,"minecraft:deepslate_diamond_ore":13,"minecraft:granite":3,"minecraft:grass_block":2,"minecraft:crimson_roots":6,"minecraft:weeping_vines":1,"minecraft:furnace":7,"minecraft:nether_sprouts":2,"minecraft:iron_ore":44,"minecraft:andesite":13,"minecraft:twisting_vines":2,"minecraft:deepslate_iron_ore":44,"minecraft:stone":79,"minecraft:deepslate_redstone_ore":2,"minecraft:crimson_nylium":13,"minecraft:crafting_table":12,"minecraft:torch":7,"minecraft:short_grass":5,"minecraft:poppy":1,"minecraft:warped_roots":5,"minecraft:nether_quartz_ore":47,"minecraft:copper_ore":1,"minecraft:cobblestone":7,"minecraft:deepslate_gold_ore":27,"minecraft:lapis_ore":3,"minecraft:oak_planks":1,"minecraft:wall_torch":10,"minecraft:warped_nylium":4,"minecraft:nether_wart_block":1,"minecraft:wheat":9,"minecraft:coal_ore":15,"minecraft:oak_log":17,"minecraft:dirt":9,"minecraft:gravel":23,"minecraft:cobweb":1,"minecraft:netherrack":133,"minecraft:gold_ore":10,"minecraft:oak_leaves":9,"minecraft:deepslate":18},"minecraft:custom":{"minecraft:mob_kills":61,"minecraft:interact_with_crafting_table":23,"minecraft:time_since_death":9081,"minecraft:climb_one_cm":3538,"minecraft:sprint_one_cm":259042,"minecraft:walk_one_cm":358505,"minecraft:damage_blocked_by_shield":745,"minecraft:drop":24,"minecraft:play_time":133365,"minecraft:deaths":1,"minecraft:sneak_time":5288,"minecraft:walk_under_water_one_cm":833,"minecraft:boat_one_cm":117,"minecraft:jump":2381,"minecraft:walk_on_water_one_cm":9523,"minecraft:total_world_time":133365,"minecraft:interact_with_furnace":70,"minecraft:sleep_in_bed":1,"minecraft:time_since_rest":9122,"minecraft:damage_taken":2853,"minecraft:damage_dealt":13060,"minecraft:swim_one_cm":1349,"minecraft:fly_one_cm":315867,"minecraft:crouch_one_cm":24398,"minecraft:fall_one_cm":80850},"minecraft:used":{"minecraft:stone_sword":25,"minecraft:iron_shovel":23,"minecraft:shield":26,"minecraft:iron_sword":222,"minecraft:rotten_flesh":5,"minecraft:netherrack":49,"minecraft:torch":47,"minecraft:dirt":32,"minecraft:tuff":9,"minecraft:lava_bucket":5,"minecraft:furnace":5,"minecraft:cooked_beef":10,"minecraft:cobbled_deepslate":18,"minecraft:cooked_mutton":2,"minecraft:water_bucket":4,"minecraft:diorite":1,"minecraft:stone_pickaxe":21,"minecraft:oak_planks":2,"minecraft:wooden_pickaxe":24,"minecraft:crafting_table":10,"minecraft:diamond_pickaxe":208,"minecraft:iron_pickaxe":261,"minecraft:stone_axe":32,"minecraft:diamond_sword":25,"minecraft:cobblestone":67,"minecraft:cooked_porkchop":18,"minecraft:bucket":11,"minecraft:andesite":16,"minecraft:oak_boat":6},"minecraft:crafted":{"minecraft:oak_planks":72,"minecraft:furnace":1,"minecraft:cooked_mutton":1,"minecraft:iron_boots":1,"minecraft:stone_pickaxe":1,"minecraft:cooked_beef":10,"minecraft:diamond_sword":1,"minecraft:cooked_porkchop":12,"minecraft:crafting_table":2,"minecraft:wooden_pickaxe":1,"minecraft:iron_helmet":1,"minecraft:iron_sword":1,"minecraft:bucket":2,"minecraft:stone_axe":1,"minecraft:air":0,"minecraft:iron_chestplate":1,"minecraft:diamond_pickaxe":1,"minecraft:shield":1,"minecraft:stick":16,"minecraft:iron_ingot":113,"minecraft:iron_pickaxe":2,"minecraft:stone_sword":1,"minecraft:iron_shovel":1,"minecraft:iron_leggings":1,"minecraft:torch":40},"minecraft:dropped":{"minecraft:iron_ingot":9,"minecraft:iron_sword":2,"minecraft:glow_ink_sac":5,"minecraft:crafting_table":2,"minecraft:cobblestone":4,"minecraft:warped_roots":5,"minecraft:granite":3,"minecraft:torch":1,"minecraft:iron_pickaxe":1,"minecraft:string":2,"minecraft:white_wool":1,"minecraft:stone_sword":1,"minecraft:poppy":1,"minecraft:gunpowder":1,"minecraft:andesite":8,"minecraft:oak_sapling":1,"minecraft:stone_pickaxe":1,"minecraft:wooden_pickaxe":2},"minecraft:picked_up":{"minecraft:crafting_table":12,"minecraft:iron_chestplate":1,"minecraft:wheat":9,"minecraft:wooden_pickaxe":1,"minecraft:shield":1,"minecraft:string":2,"minecraft:raw_copper":10,"minecraft:iron_leggings":1,"minecraft:iron_shovel":1,"minecraft:gold_nugget":12,"minecraft:cobbled_deepslate":33,"minecraft:beef":10,"minecraft:oak_boat":8,"minecraft:poppy":1,"minecraft:iron_boots":1,"minecraft:furnace":9,"minecraft:raw_iron":87,"minecraft:stick":46,"minecraft:torch":30,"minecraft:porkchop":10,"minecraft:diorite":1,"minecraft:redstone":20,"minecraft:arrow":36,"minecraft:rotten_flesh":43,"minecraft:mutton":2,"minecraft:white_wool":1,"minecraft:cobblestone":87,"minecraft:glow_ink_sac":5,"minecraft:water_bucket":1,"minecraft:andesite":24,"minecraft:leather":16,"minecraft:tuff":9,"minecraft:oak_log":18,"minecraft:gunpowder":1,"minecraft:lapis_lazuli":40,"minecraft:dirt":32,"minecraft:cooked_mutton":1,"minecraft:bone":14,"minecraft:wheat_seeds":52,"minecraft:raw_gold":75,"minecraft:iron_ingot":73,"minecraft:oak_planks":4,"minecraft:iron_sword":2,"minecraft:warped_fungus":2,"minecraft:cooked_porkchop":44,"minecraft:quartz":87,"minecraft:lava_bucket":1,"minecraft:diamond":23,"minecraft:stone_axe":1,"minecraft:iron_helmet":1,"minecraft:granite":3,"minecraft:warped_roots":7,"minecraft:coal":126,"minecraft:oak_sapling":1,"minecraft:netherrack":165,"minecraft:warped_nylium":2,"minecraft:crimson_roots":9,"minecraft:diamond_pickaxe":1,"minecraft:ender_pearl":6},"minecraft:killed":{"minecraft:spider":2,"minecraft:skeleton":13,"minecraft:piglin":7,"minecraft:pig":2,"minecraft:zombie_villager":1,"minecraft:hoglin":10,"minecraft:creeper":1,"minecraft:sheep":2,"minecraft:zombie":11,"minecraft:enderman":6,"minecraft:cow":4}},"DataVersion":3955}