{"stats":{"minecraft:broken":{"minecraft:iron_boots":1,"minecraft:iron_pickaxe":1,"minecraft:iron_helmet":1},"minecraft:mined":{"minecraft:nether_gold_ore":5,"minecraft:tuff":9,"minecraft:deepslate_diamond_ore":13,"minecraft:granite":3,"minecraft:grass_block":2,"minecraft:crimson_roots":13,"minecraft:cracked_polished_blackstone_bricks":8,"minecraft:weeping_vines":3,"minecraft:crimson_fungus":1,"minecraft:spawner":1,"minecraft:polished_blackstone_bricks":36,"minecraft:weeping_vines_plant":3,"minecraft:magma_block":1,"minecraft:furnace":11,"minecraft:nether_sprouts":2,"minecraft:iron_ore":44,"minecraft:andesite":13,"minecraft:twisting_vines":2,"minecraft:deepslate_iron_ore":44,"minecraft:stone":87,"minecraft:deepslate_redstone_ore":2,"minecraft:blackstone":77,"minecraft:twisting_vines_plant":1,"minecraft:crimson_nylium":19,"minecraft:basalt":2,"minecraft:crafting_table":14,"minecraft:torch":7,"minecraft:short_grass":5,"minecraft:poppy":1,"minecraft:warped_roots":7,"minecraft:nether_quartz_ore":60,"minecraft:copper_ore":1,"minecraft:cobblestone":10,"minecraft:lapis_ore":3,"minecraft:deepslate_gold_ore":27,"minecraft:oak_planks":1,"minecraft:wall_torch":10,"minecraft:warped_wart_block":1,"minecraft:warped_nylium":5,"minecraft:nether_wart_block":1,"minecraft:wheat":9,"minecraft:oak_log":17,"minecraft:coal_ore":15,"minecraft:gravel":23,"minecraft:dirt":9,"minecraft:cobweb":8,"minecraft:netherrack":739,"minecraft:gold_ore":10,"minecraft:deepslate":18,"minecraft:oak_leaves":9},"minecraft:killed_by":{"minecraft:player":1,"minecraft:piglin":1},"minecraft:custom":{"minecraft:mob_kills":106,"minecraft:interact_with_crafting_table":26,"minecraft:leave_game":3,"minecraft:time_since_death":11129,"minecraft:climb_one_cm":6257,"minecraft:sprint_one_cm":493854,"minecraft:walk_one_cm":646545,"minecraft:damage_blocked_by_shield":795,"minecraft:drop":54,"minecraft:play_time":227646,"minecraft:deaths":8,"minecraft:sneak_time":13186,"minecraft:walk_under_water_one_cm":833,"minecraft:boat_one_cm":117,"minecraft:jump":4399,"minecraft:walk_on_water_one_cm":10125,"minecraft:total_world_time":227646,"minecraft:interact_with_furnace":88,"minecraft:sleep_in_bed":1,"minecraft:time_since_rest":11157,"minecraft:damage_taken":7382,"minecraft:damage_dealt":23010,"minecraft:player_kills":2,"minecraft:swim_one_cm":1349,"minecraft:fly_one_cm":627491,"minecraft:open_chest":8,"minecraft:crouch_one_cm":68360,"minecraft:fall_one_cm":152458},"minecraft:used":{"minecraft:stone_sword":25,"minecraft:iron_shovel":23,"minecraft:shield":27,"minecraft:iron_sword":222,"minecraft:rotten_flesh":6,"minecraft:netherrack":417,"minecraft:iron_chestplate":2,"minecraft:torch":51,"minecraft:dirt":32,"minecraft:tuff":9,"minecraft:lava_bucket":9,"minecraft:iron_helmet":4,"minecraft:iron_boots":3,"minecraft:furnace":7,"minecraft:cooked_beef":10,"minecraft:cobbled_deepslate":18,"minecraft:iron_leggings":3,"minecraft:cooked_mutton":2,"minecraft:water_bucket":4,"minecraft:diorite":1,"minecraft:oak_planks":2,"minecraft:stone_pickaxe":21,"minecraft:blackstone":63,"minecraft:wooden_pickaxe":24,"minecraft:polished_blackstone_bricks":22,"minecraft:crafting_table":12,"minecraft:diamond_pickaxe":978,"minecraft:iron_pickaxe":261,"minecraft:stone_axe":34,"minecraft:diamond_sword":230,"minecraft:cobblestone":70,"minecraft:cooked_porkchop":47,"minecraft:andesite":16,"minecraft:bucket":15,"minecraft:oak_boat":6},"minecraft:crafted":{"minecraft:oak_planks":72,"minecraft:blaze_powder":6,"minecraft:furnace":1,"minecraft:cooked_mutton":1,"minecraft:quartz_block":14,"minecraft:iron_boots":3,"minecraft:stone_pickaxe":1,"minecraft:cooked_beef":10,"minecraft:diamond_sword":1,"minecraft:cooked_porkchop":25,"minecraft:crafting_table":2,"minecraft:wooden_pickaxe":1,"minecraft:iron_helmet":3,"minecraft:iron_sword":2,"minecraft:bucket":2,"minecraft:stone_axe":1,"minecraft:air":0,"minecraft:iron_chestplate":3,"minecraft:diamond_pickaxe":1,"minecraft:shield":1,"minecraft:stick":16,"minecraft:iron_ingot":134,"minecraft:iron_pickaxe":3,"minecraft:stone_sword":1,"minecraft:iron_shovel":1,"minecraft:iron_leggings":3,"minecraft:torch":40},"minecraft:dropped":{"minecraft:golden_boots":1,"minecraft:iron_ingot":10,"minecraft:iron_sword":3,"minecraft:golden_helmet":1,"minecraft:glow_ink_sac":5,"minecraft:crafting_table":2,"minecraft:cooked_porkchop":14,"minecraft:weeping_vines":1,"minecraft:iron_helmet":1,"minecraft:cobblestone":4,"minecraft:warped_roots":6,"minecraft:granite":3,"minecraft:torch":1,"minecraft:iron_leggings":2,"minecraft:gold_nugget":26,"minecraft:iron_pickaxe":2,"minecraft:string":2,"minecraft:white_wool":1,"minecraft:stone_axe":1,"minecraft:stone_sword":1,"minecraft:iron_boots":2,"minecraft:blaze_powder":2,"minecraft:poppy":1,"minecraft:gunpowder":1,"minecraft:iron_chestplate":2,"minecraft:andesite":8,"minecraft:oak_boat":3,"minecraft:oak_sapling":1,"minecraft:wooden_pickaxe":2,"minecraft:stone_pickaxe":1,"minecraft:raw_gold":37,"minecraft:netherrack":257},"minecraft:picked_up":{"minecraft:iron_chestplate":6,"minecraft:crafting_table":17,"minecraft:wheat":9,"minecraft:nether_wart":63,"minecraft:diamond_sword":5,"minecraft:wooden_pickaxe":1,"minecraft:shield":5,"minecraft:string":8,"minecraft:raw_copper":20,"minecraft:iron_leggings":6,"minecraft:iron_shovel":1,"minecraft:blackstone":126,"minecraft:gold_nugget":84,"minecraft:cobbled_deepslate":33,"minecraft:beef":10,"minecraft:oak_boat":12,"minecraft:poppy":1,"minecraft:furnace":19,"minecraft:iron_boots":8,"minecraft:golden_helmet":1,"minecraft:stick":80,"minecraft:raw_iron":87,"minecraft:torch":51,"minecraft:porkchop":35,"minecraft:polished_blackstone_bricks":44,"minecraft:diorite":1,"minecraft:redstone":40,"minecraft:weeping_vines":3,"minecraft:arrow":73,"minecraft:rotten_flesh":44,"minecraft:blaze_rod":3,"minecraft:mutton":2,"minecraft:blaze_powder":12,"minecraft:white_wool":1,"minecraft:cobblestone":95,"minecraft:glow_ink_sac":5,"minecraft:water_bucket":3,"minecraft:andesite":24,"minecraft:leather":63,"minecraft:tuff":9,"minecraft:oak_log":18,"minecraft:golden_boots":2,"minecraft:gunpowder":3,"minecraft:lapis_lazuli":100,"minecraft:dirt":32,"minecraft:twisting_vines":4,"minecraft:cooked_mutton":1,"minecraft:bone":18,"minecraft:wheat_seeds":130,"minecraft:raw_gold":149,"minecraft:bell":2,"minecraft:iron_ingot":201,"minecraft:iron_sword":2,"minecraft:oak_planks":10,"minecraft:warped_fungus":2,"minecraft:cooked_porkchop":83,"minecraft:quartz":211,"minecraft:lava_bucket":3,"minecraft:diamond":61,"minecraft:stone_axe":4,"minecraft:iron_helmet":6,"minecraft:granite":3,"minecraft:warped_roots":14,"minecraft:oak_sapling":1,"minecraft:warped_nylium":6,"minecraft:netherrack":924,"minecraft:coal":343,"minecraft:crimson_roots":28,"minecraft:ender_pearl":18,"minecraft:diamond_pickaxe":6},"minecraft:killed":{"minecraft:zombified_piglin":4,"minecraft:spider":2,"minecraft:skeleton":13,"minecraft:piglin":22,"minecraft:pig":2,"minecraft:zombie_villager":1,"minecraft:hoglin":16,"minecraft:creeper":1,"minecraft:sheep":2,"minecraft:zombie":13,"minecraft:ghast":1,"minecraft:wither_skeleton":1,"minecraft:enderman":15,"minecraft:blaze":4,"minecraft:cow":4}},"DataVersion":3955}